image_path,true_label,vit_baseline_prediction,medgemma_qlora_prediction
,MUC,ADI,TUM
,DEB,ADI,MUS
,ADI,ADI,MUS
,MUC,ADI,MUS
,TUM,ADI,TUM
,LYM,ADI,LYM
,MUC,ADI,MUS
,ADI,ADI,MUS
,MUC,ADI,MUS
,LYM,ADI,LYM
,ADI,ADI,MUS
,ADI,ADI,MUS
,ADI,ADI,MUS
,ADI,ADI,MUS
,ADI,ADI,MUS
,BACK,ADI,MUC
,MUC,ADI,MUS
,MUS,ADI,MUS
,DEB,ADI,LYM
,MUC,ADI,MUS
,MUC,ADI,MUS
,MUC,ADI,MUS
,BACK,ADI,MUS
,MUC,ADI,MUS
,ADI,ADI,MUS
,ADI,ADI,NORM
,ADI,ADI,MUS
,DEB,ADI,MUC
,MUC,ADI,MUS
,NORM,MUS,MUC
,NORM,ADI,TUM
,STR,ADI,MUS
,LYM,ADI,LYM
,TUM,ADI,TUM
,MUC,ADI,MUS
,ADI,ADI,MUS
,NORM,ADI,LYM
,MUS,ADI,MUS
,ADI,ADI,MUS
,LYM,ADI,LYM
,NORM,ADI,LYM
,MUS,ADI,MUS
,BACK,ADI,MUS
,DEB,ADI,LYM
,MUS,ADI,MUS
,BACK,ADI,MUS
,MUC,ADI,MUS
,TUM,ADI,MUS
,ADI,ADI,MUS
,TUM,ADI,TUM
,MUC,ADI,MUS
,ADI,ADI,MUS
,STR,ADI,MUS
,MUC,ADI,MUS
,TUM,ADI,TUM
,LYM,ADI,LYM
,NORM,ADI,MUC
,BACK,ADI,MUS
,LYM,ADI,LYM
,STR,ADI,MUS
,MUC,ADI,MUS
,NORM,ADI,LYM
,NORM,ADI,LYM
,MUS,ADI,MUS
,MUC,ADI,MUS
,MUC,ADI,MUS
,ADI,ADI,MUS
,TUM,ADI,TUM
,MUC,ADI,MUS
,MUC,ADI,MUS
,NORM,ADI,MUC
,BACK,ADI,NORM
,LYM,ADI,LYM
,ADI,ADI,MUS
,ADI,ADI,MUS
,ADI,ADI,MUS
,MUS,ADI,MUS
,NORM,ADI,LYM
,STR,ADI,MUS
,DEB,ADI,TUM
,MUC,ADI,MUS
,TUM,ADI,TUM
,MUC,ADI,LYM
,ADI,ADI,MUS
,TUM,ADI,LYM
,DEB,ADI,MUS
,STR,ADI,MUS
,ADI,ADI,MUS
,NORM,ADI,MUC
,LYM,ADI,LYM
,BACK,ADI,MUS
,TUM,ADI,MUS
,ADI,ADI,MUS
,TUM,ADI,MUS
,ADI,ADI,MUS
,TUM,ADI,TUM
,LYM,ADI,LYM
,MUC,ADI,MUS
,MUS,ADI,MUS
,ADI,ADI,LYM
,ADI,ADI,MUS
,MUC,ADI,MUS
,BACK,ADI,MUS
,DEB,ADI,MUS
,BACK,ADI,MUS
,ADI,ADI,MUS
,BACK,ADI,MUC
,NORM,ADI,LYM
,TUM,ADI,TUM
,STR,ADI,MUS
,MUS,ADI,MUS
,STR,ADI,LYM
,LYM,ADI,LYM
,DEB,ADI,MUS
,ADI,ADI,MUS
,TUM,ADI,TUM
,LYM,ADI,LYM
,MUS,ADI,MUS
,MUS,ADI,MUS
,NORM,ADI,LYM
,TUM,ADI,MUS
,MUC,ADI,MUS
,BACK,ADI,MUS
,MUC,ADI,MUS
,MUC,ADI,TUM
,TUM,ADI,MUS
,ADI,ADI,MUS
,NORM,ADI,MUC
,ADI,ADI,MUS
,TUM,ADI,TUM
,STR,ADI,MUS
,TUM,ADI,MUC
,LYM,ADI,LYM
,MUS,ADI,MUS
,LYM,ADI,LYM
,STR,ADI,MUS
,TUM,ADI,MUS
,DEB,ADI,MUS
,LYM,ADI,LYM
,ADI,ADI,MUS
,MUC,ADI,MUC
,BACK,ADI,MUS
,MUC,ADI,MUS
,STR,ADI,MUS
,NORM,ADI,NORM
,MUC,ADI,MUS
,STR,ADI,MUS
,ADI,ADI,MUS
,ADI,ADI,MUS
,MUS,ADI,MUS
,ADI,ADI,MUS
,ADI,ADI,MUS
,BACK,ADI,MUS
,NORM,ADI,LYM
,LYM,ADI,LYM
,LYM,ADI,LYM
,TUM,ADI,MUS
,DEB,ADI,TUM
,MUC,ADI,MUS
,ADI,ADI,MUS
,MUC,ADI,MUS
,ADI,ADI,MUS
,MUC,ADI,MUS
,MUC,ADI,MUS
,ADI,ADI,MUS
,MUS,ADI,MUS
,MUC,ADI,MUS
,TUM,ADI,TUM
,MUC,MUC,MUS
,NORM,ADI,LYM
,MUC,ADI,MUS
,LYM,ADI,LYM
,MUS,ADI,LYM
,LYM,ADI,LYM
,MUS,ADI,MUS
,STR,ADI,LYM
,MUS,ADI,LYM
,MUC,ADI,MUS
,NORM,ADI,LYM
,TUM,ADI,MUS
,STR,ADI,MUS
,STR,MUS,MUS
,TUM,ADI,TUM
,TUM,ADI,ADI
,BACK,ADI,MUS
,ADI,ADI,MUS
,TUM,ADI,MUS
,STR,ADI,MUS
,NORM,ADI,MUC
,TUM,ADI,LYM
,BACK,ADI,MUS
,STR,ADI,MUS
,NORM,ADI,LYM
,STR,ADI,MUS
,TUM,ADI,MUS
,LYM,ADI,LYM
,ADI,ADI,MUS
,ADI,ADI,MUS
,MUC,ADI,MUS
,LYM,ADI,LYM
,LYM,ADI,LYM
,LYM,ADI,LYM
,LYM,ADI,LYM
,MUC,ADI,MUS
,BACK,ADI,MUS
,BACK,ADI,MUS
,TUM,ADI,ADI
,ADI,ADI,MUS
,BACK,ADI,MUS
,MUS,ADI,MUS
,TUM,ADI,TUM
,MUC,ADI,MUS
,ADI,ADI,MUS
,LYM,ADI,LYM
,MUC,ADI,MUS
,ADI,ADI,NORM
,TUM,ADI,TUM
,BACK,ADI,MUS
,MUC,ADI,MUS
,DEB,ADI,LYM
,ADI,ADI,MUS
,BACK,ADI,NORM
,MUC,ADI,MUS
,MUC,ADI,MUS
,BACK,ADI,MUS
,MUC,ADI,MUS
,MUC,ADI,MUS
,LYM,ADI,LYM
,BACK,ADI,MUS
,ADI,ADI,MUS
,TUM,ADI,MUS
,BACK,ADI,MUS
,BACK,ADI,MUC
,NORM,ADI,TUM
,ADI,ADI,MUS
,ADI,ADI,MUS
,BACK,ADI,ADI
,MUS,ADI,MUS
,ADI,ADI,MUS
,TUM,ADI,TUM
,NORM,ADI,LYM
,NORM,ADI,MUC
,NORM,ADI,LYM
,STR,ADI,LYM
,TUM,ADI,MUS
,ADI,ADI,MUS
,LYM,ADI,LYM
,ADI,ADI,MUS
,NORM,ADI,LYM
,BACK,ADI,NORM
,MUC,ADI,MUS
,LYM,ADI,LYM
,DEB,ADI,TUM
,MUS,ADI,LYM
,BACK,ADI,MUS
,ADI,ADI,MUS
,MUC,ADI,MUS
,ADI,ADI,NORM
,STR,ADI,TUM
,MUS,MUS,MUS
,DEB,NORM,MUS
,LYM,ADI,LYM
,ADI,ADI,MUS
,MUS,ADI,MUS
,ADI,ADI,MUS
,ADI,ADI,MUS
,TUM,ADI,MUS
,NORM,ADI,LYM
,TUM,ADI,MUS
,TUM,ADI,MUS
,MUS,ADI,MUS
,ADI,ADI,LYM
,MUC,ADI,MUS
,NORM,ADI,LYM
,STR,ADI,MUS
,TUM,ADI,MUC
,ADI,ADI,MUS
,MUC,ADI,MUS
,NORM,ADI,MUC
,DEB,ADI,LYM
,TUM,ADI,TUM
,TUM,ADI,MUS
,LYM,ADI,LYM
,TUM,ADI,TUM
,BACK,ADI,MUS
,NORM,ADI,TUM
,MUC,ADI,MUS
,MUC,ADI,MUS
,STR,MUS,MUS
,TUM,ADI,MUC
,TUM,ADI,MUS
,STR,ADI,MUS
,TUM,ADI,TUM
,STR,ADI,MUS
,ADI,ADI,MUS
,DEB,ADI,TUM
,MUC,ADI,MUS
,MUC,ADI,MUS
,BACK,ADI,NORM
,STR,ADI,MUS
,ADI,ADI,MUS
,STR,ADI,LYM
,NORM,ADI,LYM
,DEB,ADI,MUS
,MUC,ADI,MUS
,LYM,ADI,LYM
,MUC,ADI,MUS
,BACK,ADI,MUS
,NORM,ADI,MUC
,MUC,ADI,MUS
,STR,ADI,MUS
,LYM,ADI,LYM
,MUS,ADI,MUS
,BACK,ADI,MUS
,DEB,ADI,MUS
,BACK,ADI,MUS
,BACK,ADI,MUS
,MUC,ADI,MUS
,TUM,ADI,MUS
,LYM,ADI,LYM
,MUS,ADI,MUS
,NORM,ADI,MUC
,DEB,ADI,LYM
,MUC,ADI,MUS
,MUC,ADI,LYM
,BACK,ADI,MUS
,TUM,ADI,MUS
,LYM,ADI,LYM
,ADI,ADI,MUS
,LYM,NORM,LYM
,STR,ADI,MUS
,LYM,ADI,LYM
,BACK,ADI,MUS
,LYM,ADI,LYM
,ADI,ADI,MUS
,BACK,ADI,NORM
,TUM,ADI,TUM
,TUM,ADI,TUM
,STR,ADI,MUS
,NORM,ADI,NORM
,BACK,ADI,MUC
,TUM,ADI,TUM
,ADI,ADI,MUS
,NORM,ADI,LYM
,LYM,ADI,LYM
,NORM,ADI,MUC
,MUC,ADI,MUS
,NORM,ADI,LYM
,BACK,ADI,MUS
,NORM,ADI,LYM
,ADI,ADI,MUS
,MUC,ADI,MUS
,MUC,ADI,MUS
,TUM,ADI,LYM
,NORM,ADI,LYM
,TUM,ADI,MUC
,MUS,ADI,MUS
,MUC,ADI,LYM
,MUC,ADI,MUS
,MUS,ADI,MUS
,ADI,ADI,MUS
,MUC,ADI,MUS
,TUM,ADI,TUM
,LYM,ADI,LYM
,ADI,ADI,MUS
,TUM,ADI,TUM
,ADI,ADI,MUS
,BACK,ADI,NORM
,BACK,ADI,MUS
,ADI,ADI,MUS
,ADI,ADI,ADI
,MUC,ADI,MUS
,MUS,ADI,MUS
,ADI,ADI,MUS
,BACK,ADI,MUS
,BACK,ADI,MUS
,ADI,ADI,MUS
,DEB,ADI,MUS
,NORM,ADI,LYM
,BACK,ADI,NORM
,TUM,ADI,TUM
,MUC,ADI,MUS
,ADI,ADI,MUS
,MUC,ADI,MUS
,ADI,ADI,MUS
,ADI,ADI,MUS
,NORM,ADI,LYM
,MUS,ADI,MUS
,TUM,ADI,MUS
,MUC,ADI,MUS
,TUM,ADI,LYM
,BACK,ADI,NORM
,BACK,ADI,MUC
,MUC,ADI,MUS
,NORM,ADI,LYM
,ADI,ADI,MUS
,MUC,ADI,MUS
,BACK,ADI,MUS
,DEB,ADI,MUS
,TUM,ADI,TUM
,BACK,ADI,MUS
,NORM,ADI,LYM
,MUS,ADI,MUS
,DEB,ADI,MUS
,NORM,ADI,ADI
,LYM,MUS,LYM
,DEB,ADI,TUM
,BACK,ADI,MUS
,DEB,ADI,MUS
,MUC,ADI,MUS
,LYM,ADI,LYM
,MUC,ADI,MUS
,BACK,ADI,MUS
,ADI,ADI,MUS
,ADI,ADI,MUS
,ADI,ADI,MUS
,STR,ADI,MUS
,MUS,ADI,MUS
,TUM,ADI,LYM
,BACK,ADI,MUS
,LYM,ADI,LYM
,DEB,ADI,LYM
,TUM,ADI,TUM
,MUS,ADI,MUS
,MUS,ADI,MUS
,MUS,ADI,LYM
,TUM,ADI,TUM
,DEB,ADI,MUS
,DEB,ADI,TUM
,TUM,ADI,TUM
,BACK,ADI,NORM
,BACK,ADI,NORM
,BACK,ADI,MUS
,ADI,ADI,MUS
,ADI,ADI,MUS
,LYM,ADI,LYM
,DEB,ADI,MUS
,BACK,ADI,MUC
,STR,ADI,MUS
,MUC,ADI,MUS
,TUM,ADI,TUM
,LYM,ADI,LYM
,NORM,MUS,LYM
,MUS,ADI,MUS
,MUS,ADI,MUS
,BACK,ADI,MUS
,BACK,ADI,MUC
,ADI,ADI,MUS
,STR,ADI,LYM
,MUS,ADI,MUS
,LYM,ADI,LYM
,LYM,ADI,LYM
,ADI,ADI,MUS
,MUS,ADI,MUS
,ADI,ADI,MUS
,MUC,ADI,MUS
,LYM,ADI,LYM
,LYM,ADI,LYM
,NORM,ADI,NORM
,STR,ADI,LYM
,ADI,ADI,MUS
,MUS,ADI,MUS
,BACK,ADI,MUS
,LYM,ADI,LYM
,LYM,ADI,LYM
,LYM,ADI,LYM
,ADI,ADI,MUS
,STR,ADI,MUS
,LYM,ADI,LYM
,LYM,ADI,LYM
,TUM,ADI,MUS
,ADI,ADI,BACK
,TUM,ADI,MUC
,TUM,ADI,TUM
,LYM,ADI,LYM
,MUC,ADI,MUS
,NORM,ADI,LYM
,TUM,ADI,MUS
,NORM,ADI,LYM
,BACK,ADI,MUS
,ADI,ADI,MUS
,DEB,ADI,MUS
,BACK,ADI,MUS
,NORM,ADI,LYM
,TUM,ADI,TUM
,DEB,ADI,MUS
,LYM,ADI,LYM
,LYM,ADI,LYM
,BACK,ADI,MUS
,ADI,ADI,BACK
,ADI,ADI,MUS
,NORM,ADI,MUC
,MUC,ADI,MUS
,TUM,ADI,ADI
,MUC,ADI,MUS
,DEB,ADI,LYM
,NORM,ADI,LYM
,BACK,ADI,MUS
,ADI,ADI,MUS
,NORM,ADI,MUC
,STR,ADI,MUS
,MUC,ADI,LYM
,ADI,ADI,MUS
,DEB,ADI,MUS
,MUC,ADI,MUS
,TUM,ADI,MUS
,TUM,ADI,MUC
,DEB,ADI,LYM
,NORM,ADI,LYM
,LYM,ADI,LYM
,STR,ADI,MUS
,TUM,ADI,LYM
,LYM,ADI,LYM
,LYM,ADI,LYM
,NORM,ADI,LYM
,ADI,ADI,MUS
,MUS,ADI,MUS
,STR,ADI,MUS
,ADI,ADI,STR
,BACK,ADI,MUS
,MUS,ADI,MUS
,NORM,ADI,LYM
,LYM,ADI,LYM
,BACK,ADI,MUS
,TUM,ADI,MUS
,TUM,ADI,LYM
,MUC,ADI,MUS
,ADI,ADI,MUS
,ADI,ADI,MUS
,MUS,ADI,MUS
,LYM,ADI,LYM
,DEB,ADI,TUM
,NORM,ADI,MUC
,ADI,ADI,MUS
,LYM,ADI,LYM
,MUS,ADI,MUS
,TUM,ADI,TUM
,MUC,ADI,MUS
,MUC,ADI,MUS
,MUS,ADI,MUS
,BACK,ADI,MUC
,LYM,ADI,LYM
,TUM,ADI,TUM
,ADI,ADI,MUS
,DEB,ADI,MUS
,TUM,ADI,TUM
,TUM,ADI,TUM
,TUM,ADI,LYM
,LYM,ADI,LYM
,LYM,MUS,LYM
,ADI,ADI,MUS
,MUS,ADI,MUS
,TUM,ADI,MUS
,NORM,ADI,LYM
,ADI,ADI,MUS
,TUM,ADI,LYM
,TUM,ADI,MUS
,NORM,ADI,LYM
,DEB,ADI,MUS
,ADI,ADI,BACK
,TUM,ADI,TUM
,STR,ADI,MUS
,TUM,ADI,TUM
,LYM,ADI,LYM
,TUM,ADI,MUS
,MUC,ADI,MUS
,TUM,ADI,MUS
,STR,ADI,MUS
,ADI,ADI,MUS
,MUS,ADI,MUS
,NORM,ADI,LYM
,STR,ADI,MUS
,BACK,ADI,TUM
,TUM,ADI,MUS
,ADI,ADI,MUS
,TUM,ADI,LYM
,ADI,ADI,BACK
,BACK,ADI,MUS
,TUM,ADI,MUC
,NORM,ADI,BACK
,TUM,ADI,TUM
,DEB,ADI,TUM
,BACK,ADI,MUS
,LYM,ADI,LYM
,MUC,ADI,MUS
,MUS,ADI,MUS
,MUC,ADI,MUS
,MUC,ADI,MUS
,MUC,ADI,MUS
,MUC,ADI,MUS
,ADI,ADI,MUS
,TUM,ADI,LYM
,DEB,ADI,MUC
,LYM,ADI,LYM
,MUC,ADI,LYM
,BACK,ADI,MUS
,BACK,ADI,MUS
,MUC,ADI,MUS
,ADI,ADI,MUS
,BACK,ADI,MUS
,MUC,ADI,MUS
,MUS,ADI,MUS
,TUM,ADI,TUM
,MUC,ADI,MUS
,TUM,ADI,TUM
,STR,ADI,MUS
,MUC,ADI,MUS
,MUC,ADI,MUS
,MUC,ADI,MUS
,TUM,MUS,TUM
,LYM,ADI,LYM
,TUM,ADI,MUS
,ADI,ADI,MUS
,STR,ADI,MUS
,ADI,MUS,MUS
,TUM,ADI,MUS
,MUC,ADI,MUS
,ADI,ADI,MUS
,TUM,ADI,TUM
,NORM,ADI,LYM
,TUM,ADI,MUC
,TUM,ADI,TUM
,STR,ADI,LYM
,LYM,ADI,LYM
,MUS,ADI,LYM
,ADI,ADI,MUS
,BACK,ADI,MUS
,MUC,ADI,MUS
,NORM,ADI,LYM
,ADI,ADI,MUS
,MUC,ADI,MUS
,LYM,ADI,LYM
,ADI,ADI,MUS
,ADI,ADI,MUS
,STR,ADI,MUS
,DEB,ADI,MUS
,MUC,ADI,MUS
,TUM,ADI,TUM
,LYM,ADI,LYM
,TUM,ADI,MUS
,NORM,ADI,MUC
,ADI,ADI,MUS
,MUS,ADI,MUS
,MUC,ADI,MUS
,TUM,ADI,MUC
,LYM,ADI,LYM
,STR,ADI,MUS
,NORM,ADI,MUC
,MUC,ADI,MUS
,ADI,ADI,MUS
,DEB,ADI,MUS
,NORM,ADI,LYM
,TUM,ADI,TUM
,BACK,ADI,MUS
,ADI,ADI,STR
,DEB,ADI,MUS
,TUM,ADI,MUC
,DEB,ADI,MUS
,DEB,ADI,LYM
,NORM,ADI,MUC
,BACK,ADI,MUS
,TUM,ADI,MUS
,TUM,ADI,MUS
,TUM,ADI,TUM
,NORM,ADI,NORM
,ADI,ADI,BACK
,ADI,ADI,MUS
,BACK,ADI,NORM
,ADI,ADI,MUS
,ADI,ADI,MUS
,STR,ADI,LYM
,ADI,ADI,MUS
,BACK,ADI,MUS
,STR,ADI,MUS
,ADI,ADI,MUS
,ADI,ADI,MUS
,LYM,ADI,LYM
,TUM,ADI,TUM
,ADI,ADI,LYM
,MUS,ADI,MUS
,TUM,ADI,TUM
,MUS,ADI,MUS
,ADI,ADI,MUS
,TUM,ADI,TUM
,MUS,ADI,MUS
,MUC,ADI,MUS
,TUM,ADI,TUM
,BACK,ADI,NORM
,LYM,ADI,LYM
,LYM,ADI,LYM
,LYM,ADI,LYM
,NORM,ADI,MUC
,BACK,ADI,MUS
,MUC,ADI,MUS
,LYM,MUS,LYM
,LYM,ADI,LYM
,TUM,ADI,LYM
,LYM,ADI,LYM
,TUM,ADI,TUM
,NORM,MUS,BACK
,DEB,ADI,MUS
,ADI,ADI,MUS
,BACK,ADI,MUS
,STR,ADI,MUS
,DEB,ADI,MUS
,ADI,ADI,MUS
,STR,ADI,MUS
,TUM,ADI,LYM
,ADI,ADI,MUS
,ADI,ADI,MUS
,STR,ADI,MUS
,DEB,ADI,MUS
,ADI,ADI,MUS
,LYM,ADI,LYM
,DEB,ADI,MUS
,TUM,ADI,LYM
,ADI,ADI,MUS
,ADI,ADI,MUS
,DEB,ADI,MUS
,BACK,ADI,NORM
,ADI,ADI,MUS
,ADI,ADI,MUS
,TUM,ADI,MUS
,TUM,ADI,TUM
,BACK,ADI,MUS
,ADI,ADI,MUS
,BACK,ADI,MUS
,MUS,ADI,MUS
,NORM,ADI,ADI
,MUC,ADI,MUS
,BACK,ADI,MUS
,BACK,ADI,MUS
,LYM,ADI,LYM
,MUS,ADI,MUS
,MUC,ADI,LYM
,TUM,ADI,TUM
,ADI,ADI,MUS
,TUM,ADI,TUM
,TUM,ADI,MUS
,TUM,ADI,MUS
,BACK,ADI,MUS
,LYM,ADI,LYM
,MUS,ADI,MUS
,NORM,ADI,MUS
,TUM,ADI,MUC
,ADI,ADI,MUS
,ADI,ADI,MUS
,TUM,ADI,TUM
,LYM,ADI,LYM
,LYM,ADI,LYM
,LYM,ADI,LYM
,NORM,ADI,NORM
,BACK,ADI,MUS
,NORM,ADI,MUC
,MUS,ADI,MUS
,NORM,ADI,LYM
,MUS,ADI,MUS
,BACK,ADI,MUS
,STR,ADI,LYM
,ADI,ADI,MUS
,ADI,ADI,MUS
,MUS,ADI,MUS
,TUM,ADI,LYM
,STR,ADI,LYM
,BACK,ADI,NORM
,TUM,ADI,TUM
,MUC,ADI,MUS
,MUS,ADI,MUS
,ADI,ADI,MUS
,MUS,ADI,MUS
,MUC,ADI,LYM
,NORM,ADI,LYM
,ADI,ADI,MUS
,TUM,ADI,LYM
,ADI,ADI,MUS
,MUS,ADI,MUS
,ADI,ADI,MUS
,NORM,ADI,MUC
,ADI,ADI,MUS
,TUM,ADI,LYM
,LYM,ADI,LYM
,MUC,ADI,MUS
,TUM,ADI,MUS
,TUM,ADI,MUC
,STR,ADI,LYM
,TUM,ADI,LYM
,MUC,ADI,LYM
,ADI,ADI,MUS
,MUC,ADI,MUS
,MUC,ADI,MUS
,MUC,ADI,MUS
,TUM,ADI,MUS
,MUC,ADI,MUS
,ADI,ADI,MUS
,ADI,ADI,MUS
,ADI,ADI,MUS
,LYM,ADI,LYM
,BACK,ADI,NORM
,DEB,ADI,MUS
,ADI,ADI,MUS
,TUM,ADI,MUS
,ADI,ADI,MUS
,NORM,ADI,MUC
,ADI,ADI,MUS
,TUM,ADI,TUM
,MUS,ADI,MUS
,STR,ADI,MUS
,BACK,ADI,MUS
,ADI,ADI,MUS
,TUM,ADI,MUS
,ADI,ADI,MUS
,MUC,MUS,MUS
,ADI,ADI,MUS
,TUM,ADI,MUC
,LYM,ADI,LYM
,TUM,ADI,TUM
,TUM,ADI,LYM
,ADI,ADI,MUS
,MUC,ADI,MUS
,DEB,ADI,TUM
,MUS,ADI,MUS
,STR,ADI,MUS
,ADI,ADI,MUS
,ADI,ADI,MUS
,LYM,ADI,LYM
,ADI,ADI,MUS
,TUM,ADI,TUM
,ADI,ADI,MUS
,TUM,ADI,MUC
,MUC,ADI,MUS
,MUC,ADI,MUS
,NORM,ADI,LYM
,ADI,ADI,MUS
,ADI,ADI,MUS
,MUC,ADI,MUS
,TUM,ADI,TUM
,ADI,ADI,MUS
,LYM,ADI,LYM
,ADI,ADI,MUS
,NORM,ADI,NORM
,DEB,ADI,MUS
,NORM,ADI,MUC
,BACK,ADI,NORM
,LYM,ADI,LYM
,DEB,ADI,MUS
,TUM,ADI,TUM
,BACK,ADI,TUM
,BACK,ADI,MUC
,LYM,ADI,LYM
,NORM,ADI,ADI
,LYM,ADI,LYM
,NORM,ADI,LYM
,LYM,ADI,LYM
,MUC,ADI,MUS
,TUM,ADI,TUM
,MUC,ADI,MUS
,TUM,ADI,TUM
,NORM,ADI,MUC
,NORM,ADI,LYM
,ADI,ADI,MUS
,NORM,ADI,MUC
,ADI,ADI,MUS
,NORM,ADI,MUC
,MUC,ADI,MUS
,TUM,ADI,TUM
,BACK,ADI,MUS
,TUM,ADI,MUS
,STR,ADI,MUS
,NORM,ADI,LYM
,ADI,ADI,MUS
,TUM,ADI,TUM
,MUC,ADI,MUS
,NORM,ADI,MUC
,TUM,ADI,MUS
,MUC,ADI,MUS
,NORM,ADI,LYM
,STR,ADI,MUS
,LYM,ADI,LYM
,NORM,ADI,LYM
,TUM,ADI,MUS
,LYM,ADI,LYM
,MUC,ADI,MUS
,ADI,ADI,MUS
,ADI,ADI,MUS
,ADI,ADI,MUS
,LYM,ADI,LYM
,NORM,ADI,MUC
,BACK,ADI,NORM
,TUM,ADI,TUM
,TUM,ADI,MUS
,TUM,ADI,MUS
,TUM,ADI,TUM
,MUC,ADI,MUS
,MUC,ADI,MUS
,ADI,ADI,MUS
,ADI,ADI,MUS
,MUC,ADI,MUS
,TUM,ADI,MUS
,MUS,ADI,MUS
,STR,ADI,LYM
,ADI,ADI,MUS
,ADI,ADI,MUS
,ADI,ADI,MUS
,ADI,ADI,MUS
,MUS,ADI,MUS
,TUM,ADI,LYM
,TUM,ADI,TUM
,MUS,ADI,LYM
,TUM,ADI,TUM
,TUM,MUS,TUM
,MUS,ADI,MUS
,MUC,ADI,MUS
,ADI,ADI,MUS
,NORM,ADI,LYM
,MUS,ADI,MUS
,TUM,ADI,TUM
,TUM,ADI,LYM
,BACK,ADI,MUS
,MUS,ADI,MUS
,LYM,ADI,LYM
,MUS,ADI,MUS
,LYM,ADI,LYM
,LYM,ADI,LYM
,TUM,ADI,LYM
,DEB,ADI,MUS
,MUC,ADI,MUS
,STR,ADI,MUS
,BACK,ADI,TUM
,MUC,ADI,MUS
,LYM,ADI,LYM
,MUS,ADI,MUS
,STR,ADI,TUM
,ADI,ADI,MUS
,ADI,ADI,MUS
,DEB,ADI,MUS
,NORM,ADI,LYM
,TUM,ADI,TUM
,BACK,ADI,NORM
,NORM,ADI,MUC
,TUM,ADI,TUM
,TUM,ADI,MUS
,TUM,ADI,MUC
,ADI,ADI,ADI
,ADI,ADI,MUS
,DEB,ADI,TUM
,DEB,ADI,MUS
,TUM,ADI,TUM
,ADI,ADI,MUS
,LYM,ADI,LYM
,BACK,ADI,MUS
,ADI,MUS,NORM
,NORM,ADI,LYM
,ADI,ADI,MUS
,MUC,ADI,MUS
,NORM,ADI,LYM
,TUM,ADI,TUM
,LYM,ADI,LYM
,ADI,ADI,MUS
,MUS,ADI,MUS
,MUS,ADI,MUS
,BACK,ADI,NORM
,ADI,ADI,MUS
,TUM,ADI,TUM
,MUC,ADI,MUS
,NORM,ADI,LYM
,ADI,ADI,MUS
,MUC,ADI,MUC
,ADI,ADI,MUS
,TUM,ADI,LYM
,TUM,ADI,ADI
,MUC,ADI,MUS
,BACK,ADI,NORM
,ADI,ADI,MUS
,TUM,ADI,MUS
,DEB,ADI,LYM
,LYM,ADI,LYM
,BACK,ADI,MUC
,ADI,ADI,MUS
,MUC,ADI,LYM
,ADI,ADI,MUS
,ADI,ADI,MUS
,MUC,ADI,MUS
,BACK,ADI,MUS
,ADI,ADI,MUS
,LYM,ADI,LYM
,BACK,ADI,MUS
,TUM,ADI,TUM
,STR,ADI,MUS
,ADI,ADI,MUS
,TUM,MUS,TUM
,TUM,ADI,MUS
,MUC,ADI,MUS
,TUM,ADI,TUM
,TUM,ADI,TUM
,DEB,ADI,TUM
,ADI,ADI,MUS
,MUC,ADI,MUS
,ADI,ADI,MUS
,LYM,ADI,LYM
,NORM,ADI,MUC
,TUM,ADI,MUS
,BACK,ADI,MUS
,MUC,ADI,MUC
,BACK,ADI,MUS
,NORM,ADI,MUC
,LYM,ADI,LYM
,BACK,ADI,MUS
,NORM,ADI,LYM
,DEB,ADI,TUM
,ADI,ADI,MUS
,MUS,ADI,MUS
,BACK,ADI,MUC
,MUS,MUS,MUS
,TUM,ADI,TUM
,MUC,ADI,MUS
,NORM,ADI,MUC
,MUC,ADI,MUS
,BACK,ADI,MUS
,LYM,ADI,LYM
,ADI,ADI,MUS
,ADI,ADI,MUS
,BACK,ADI,MUS
,TUM,ADI,ADI
,MUC,ADI,MUS
,TUM,ADI,MUS
,TUM,ADI,MUC
,TUM,ADI,MUS
,BACK,ADI,MUS
,MUC,ADI,MUS
,LYM,ADI,LYM
,ADI,ADI,MUS
,NORM,ADI,MUC
,STR,ADI,MUS
,STR,ADI,MUS
,TUM,ADI,TUM
,TUM,ADI,TUM
,TUM,ADI,TUM
,MUC,ADI,MUS
,BACK,ADI,MUS
,TUM,ADI,TUM
,NORM,ADI,NORM
,BACK,ADI,MUS
,TUM,ADI,TUM
,NORM,ADI,LYM
,ADI,ADI,MUS
,MUC,ADI,LYM
,STR,ADI,TUM
,ADI,ADI,MUS
,TUM,ADI,TUM
,TUM,ADI,TUM
,MUC,ADI,MUS
,TUM,ADI,TUM
,TUM,ADI,MUS
,TUM,ADI,MUS
,ADI,ADI,MUS
,TUM,ADI,MUS
,TUM,ADI,TUM
,TUM,ADI,MUS
,STR,ADI,MUS
,BACK,ADI,NORM
,BACK,ADI,MUS
,BACK,ADI,MUS
,TUM,ADI,TUM
,LYM,ADI,LYM
,LYM,ADI,LYM
,MUC,ADI,MUS
,BACK,ADI,MUS
,TUM,ADI,TUM
,BACK,ADI,MUS
,TUM,ADI,MUS
,BACK,ADI,MUS
,LYM,ADI,LYM
,STR,ADI,LYM
,NORM,ADI,LYM
,ADI,ADI,MUS
,MUC,ADI,MUS
,BACK,ADI,MUS
,NORM,MUS,MUS
,ADI,ADI,MUS
,NORM,ADI,LYM
,STR,ADI,LYM
,MUC,ADI,MUS
,MUS,ADI,LYM
,TUM,ADI,MUS
,DEB,ADI,MUS
,MUS,ADI,MUS
,TUM,ADI,MUS
,BACK,ADI,NORM
,TUM,ADI,TUM
,BACK,ADI,MUS
,ADI,ADI,MUS
,ADI,ADI,MUS
,BACK,ADI,MUS
,DEB,MUS,TUM
,TUM,ADI,MUS
,TUM,ADI,MUS
,BACK,ADI,MUC
,LYM,ADI,LYM
,TUM,ADI,TUM
,BACK,ADI,MUS
,STR,ADI,MUS
,MUC,ADI,MUS
,MUC,ADI,MUS
,TUM,ADI,MUC
,LYM,ADI,LYM
,ADI,ADI,MUS
,MUS,ADI,MUS
,MUC,ADI,MUS
,LYM,ADI,LYM
,MUS,ADI,MUS
,NORM,ADI,ADI
,STR,ADI,MUS
,TUM,ADI,LYM
,STR,ADI,MUS
,ADI,ADI,MUS
,MUS,ADI,MUS
,ADI,ADI,MUS
,BACK,ADI,NORM
,MUC,ADI,MUS
,LYM,ADI,LYM
,BACK,ADI,NORM
,BACK,ADI,MUC
,STR,ADI,LYM
,TUM,ADI,TUM
,LYM,ADI,LYM
,MUS,ADI,MUS
,NORM,ADI,MUS
,BACK,ADI,MUS
,DEB,ADI,MUS
,TUM,ADI,MUS
,TUM,ADI,TUM
,STR,ADI,LYM
,MUC,ADI,MUS
,ADI,ADI,MUS
,NORM,ADI,LYM
,LYM,ADI,LYM
,TUM,ADI,MUS
,NORM,ADI,LYM
,TUM,ADI,TUM
,NORM,ADI,MUC
,MUS,ADI,MUS
,STR,ADI,LYM
,ADI,ADI,MUS
,LYM,ADI,LYM
,NORM,ADI,MUC
,STR,ADI,MUS
,MUC,ADI,MUS
,ADI,ADI,MUS
,TUM,ADI,TUM
,BACK,ADI,MUS
,BACK,ADI,MUS
,ADI,ADI,MUS
,BACK,ADI,MUS
,NORM,ADI,ADI
,TUM,ADI,LYM
,ADI,ADI,LYM
,ADI,ADI,MUS
,MUS,ADI,LYM
,ADI,ADI,MUS
,TUM,ADI,TUM
,ADI,ADI,MUS
,TUM,ADI,TUM
,MUC,ADI,MUS
,DEB,ADI,MUC
,ADI,ADI,BACK
,ADI,ADI,MUS
,ADI,ADI,MUS
,ADI,ADI,LYM
,LYM,ADI,LYM
,NORM,ADI,LYM
,TUM,ADI,MUS
,TUM,ADI,MUC
,ADI,ADI,MUS
,MUS,ADI,MUS
,BACK,ADI,MUS
,DEB,ADI,MUS
,ADI,ADI,MUS
,BACK,ADI,NORM
,LYM,ADI,LYM
,MUS,ADI,MUS
,BACK,ADI,MUS
,ADI,ADI,MUS
,MUS,ADI,MUS
,ADI,ADI,MUS
,LYM,ADI,LYM
,BACK,ADI,MUS
,BACK,ADI,MUS
,BACK,ADI,MUS
,ADI,ADI,MUS
,BACK,ADI,MUS
,ADI,ADI,MUS
,ADI,ADI,LYM
,TUM,ADI,MUS
,NORM,MUS,LYM
,LYM,ADI,LYM
,LYM,ADI,LYM
,STR,ADI,MUS
,TUM,ADI,TUM
,BACK,ADI,MUS
,TUM,ADI,MUS
,NORM,ADI,LYM
,MUS,ADI,MUS
,TUM,ADI,TUM
,DEB,ADI,MUS
,ADI,ADI,MUS
,MUC,ADI,MUS
,ADI,ADI,NORM
,MUC,ADI,MUS
,DEB,ADI,MUS
,TUM,ADI,TUM
,STR,ADI,LYM
,BACK,ADI,MUS
,MUC,ADI,MUS
,BACK,ADI,NORM
,TUM,ADI,TUM
,TUM,ADI,TUM
,ADI,ADI,STR
,ADI,ADI,MUS
,ADI,ADI,MUS
,NORM,ADI,LYM
,TUM,ADI,TUM
,LYM,ADI,LYM
,BACK,ADI,MUS
,LYM,ADI,LYM
,ADI,ADI,MUS
,TUM,ADI,TUM
,NORM,ADI,LYM
,BACK,ADI,MUS
,ADI,ADI,MUS
,TUM,ADI,MUS
,STR,ADI,MUS
,MUC,ADI,MUS
,TUM,ADI,TUM
,TUM,ADI,MUC
,MUC,ADI,MUS
,LYM,ADI,LYM
,STR,ADI,MUS
,MUC,ADI,MUS
,BACK,ADI,MUS
,NORM,ADI,MUC
,TUM,ADI,TUM
,BACK,ADI,MUS
,ADI,ADI,MUS
,ADI,ADI,MUS
,MUC,ADI,MUS
,MUC,ADI,MUS
,BACK,ADI,MUS
,MUS,ADI,MUS
,MUS,ADI,MUS
,MUC,ADI,MUS
,LYM,ADI,LYM
,LYM,ADI,LYM
,TUM,ADI,TUM
,MUC,ADI,MUS
,TUM,ADI,MUS
,MUC,ADI,MUS
,MUS,ADI,MUS
,ADI,ADI,MUS
,MUC,ADI,MUS
,NORM,ADI,MUC
,BACK,ADI,NORM
,MUS,ADI,MUS
,BACK,ADI,MUC
,NORM,ADI,MUC
,MUC,ADI,MUS
,ADI,ADI,MUS
,NORM,ADI,MUC
,NORM,ADI,MUS
,LYM,ADI,LYM
,TUM,ADI,TUM
,MUC,ADI,LYM
,MUC,ADI,MUS
,ADI,ADI,MUS
,STR,ADI,LYM
,ADI,ADI,MUS
,MUS,MUS,MUS
,ADI,ADI,MUS
,MUC,ADI,MUS
,MUS,ADI,MUS
,NORM,ADI,MUS
,MUS,ADI,MUS
,BACK,ADI,MUC
,BACK,TUM,MUS
,ADI,ADI,LYM
,MUC,ADI,MUS
,MUC,ADI,MUS
,MUS,ADI,MUS
,TUM,ADI,MUS
,NORM,ADI,MUC
,ADI,ADI,MUS
,LYM,ADI,LYM
,MUS,MUS,MUS
,MUC,ADI,MUS
,TUM,ADI,TUM
,TUM,ADI,MUC
,BACK,ADI,MUS
,LYM,ADI,LYM
,ADI,ADI,MUS
,LYM,ADI,LYM
,BACK,ADI,NORM
,STR,ADI,MUS
,BACK,ADI,MUS
,ADI,ADI,MUS
,ADI,ADI,MUS
,ADI,ADI,MUS
,TUM,ADI,MUC
,STR,ADI,LYM
,ADI,ADI,MUS
,TUM,ADI,TUM
,MUC,ADI,MUS
,TUM,ADI,MUS
,TUM,ADI,TUM
,TUM,ADI,MUS
,ADI,ADI,MUS
,STR,ADI,MUS
,MUS,ADI,MUS
,ADI,ADI,MUS
,TUM,ADI,TUM
,BACK,ADI,MUS
,LYM,ADI,LYM
,BACK,ADI,MUS
,TUM,ADI,MUS
,BACK,ADI,MUS
,ADI,ADI,BACK
,MUC,ADI,MUS
,ADI,ADI,MUS
,TUM,ADI,ADI
,NORM,ADI,LYM
,NORM,ADI,LYM
,MUS,ADI,MUS
,NORM,ADI,MUC
,ADI,ADI,MUS
,BACK,ADI,MUC
,MUC,ADI,MUS
,ADI,ADI,MUS
,MUS,ADI,MUS
,MUC,ADI,LYM
,DEB,ADI,MUS
,TUM,BACK,MUS
,ADI,BACK,MUS
,TUM,BACK,LYM
,STR,BACK,MUS
,MUC,BACK,MUS
,LYM,BACK,LYM
,STR,BACK,LYM
,MUC,BACK,MUS
,MUS,BACK,MUS
,MUS,BACK,MUS
,BACK,BACK,NORM
,MUC,BACK,TUM
,ADI,BACK,MUS
,LYM,BACK,LYM
,ADI,BACK,MUS
,TUM,BACK,TUM
,ADI,BACK,MUS
,ADI,BACK,LYM
,BACK,BACK,MUS
,TUM,BACK,TUM
,LYM,BACK,LYM
,MUS,BACK,LYM
,BACK,BACK,MUS
,MUC,BACK,MUS
,MUC,BACK,MUS
,NORM,BACK,MUC
,NORM,BACK,ADI
,MUS,BACK,MUS
,TUM,BACK,TUM
,ADI,BACK,MUS
,BACK,BACK,TUM
,NORM,BACK,LYM
,STR,BACK,MUS
,BACK,BACK,MUS
,MUS,BACK,MUS
,NORM,BACK,LYM
,ADI,BACK,MUS
,MUC,BACK,MUS
,NORM,BACK,LYM
,MUC,BACK,MUC
,MUC,BACK,MUS
,BACK,BACK,NORM
,MUC,BACK,LYM
,TUM,BACK,TUM
,STR,BACK,MUS
,MUS,BACK,MUS
,TUM,BACK,MUC
,NORM,BACK,LYM
,BACK,BACK,MUS
,BACK,BACK,MUS
,ADI,BACK,MUS
,BACK,BACK,MUS
,BACK,BACK,MUS
,ADI,BACK,MUS
,MUC,BACK,MUS
,LYM,BACK,LYM
,MUC,BACK,TUM
,BACK,BACK,NORM
,DEB,BACK,MUS
,DEB,BACK,MUS
,DEB,BACK,MUS
,MUS,BACK,MUS
,ADI,BACK,LYM
,NORM,BACK,MUC
,MUC,BACK,MUS
,TUM,BACK,TUM
,ADI,BACK,MUS
,TUM,BACK,MUC
,ADI,BACK,MUS
,MUC,BACK,MUS
,MUC,BACK,MUS
,STR,BACK,LYM
,BACK,BACK,MUS
,BACK,BACK,MUS
,LYM,BACK,LYM
,MUS,BACK,LYM
,MUS,BACK,LYM
,STR,BACK,MUS
,MUC,BACK,MUS
,LYM,BACK,LYM
,ADI,BACK,MUS
,STR,BACK,MUS
,BACK,BACK,LYM
,TUM,BACK,TUM
,MUC,BACK,MUS
,TUM,BACK,TUM
,BACK,BACK,MUC
,BACK,BACK,MUS
,MUC,BACK,MUS
,ADI,BACK,MUS
,ADI,BACK,MUS
,NORM,BACK,TUM
,MUS,BACK,MUS
,TUM,BACK,ADI
,NORM,BACK,MUC
,MUC,BACK,MUS
,LYM,BACK,LYM
,STR,BACK,MUS
,BACK,BACK,MUS
,TUM,BACK,TUM
,STR,BACK,MUS
,MUS,BACK,MUS
,LYM,BACK,LYM
,TUM,BACK,TUM
,MUS,BACK,MUS
,BACK,BACK,MUS
,ADI,BACK,MUS
,ADI,BACK,BACK
,MUS,BACK,MUS
,ADI,BACK,MUS
,MUC,BACK,MUS
,TUM,BACK,TUM
,BACK,BACK,NORM
,MUS,BACK,MUS
,NORM,BACK,MUC
,TUM,BACK,TUM
,NORM,BACK,MUC
,MUC,BACK,MUS
,TUM,BACK,TUM
,BACK,BACK,MUS
,MUS,BACK,MUS
,ADI,BACK,LYM
,ADI,BACK,MUS
,ADI,BACK,MUS
,ADI,BACK,MUS
,MUS,BACK,MUS
,MUS,BACK,MUS
,MUC,BACK,MUS
,LYM,BACK,LYM
,ADI,BACK,MUS
,TUM,BACK,MUC
,TUM,BACK,MUC
,BACK,BACK,MUS
,BACK,BACK,NORM
,TUM,BACK,MUC
,MUC,BACK,MUS
,MUC,BACK,MUS
,ADI,BACK,MUS
,NORM,BACK,LYM
,BACK,BACK,MUS
,NORM,BACK,MUC
,MUC,BACK,MUS
,MUS,BACK,MUS
,MUS,BACK,MUS
,MUC,BACK,MUS
,MUS,BACK,MUS
,NORM,BACK,LYM
,LYM,BACK,LYM
,STR,BACK,MUS
,NORM,BACK,LYM
,ADI,BACK,MUS
,TUM,BACK,MUS
,TUM,BACK,MUC
,NORM,BACK,NORM
,TUM,BACK,TUM
,ADI,BACK,MUS
,MUC,BACK,MUS
,ADI,BACK,MUS
,LYM,BACK,LYM
,MUC,BACK,MUS
,MUS,BACK,MUS
,BACK,BACK,MUS
,TUM,BACK,LYM
,ADI,BACK,MUS
,MUS,BACK,MUS
,ADI,BACK,MUS
,BACK,BACK,NORM
,NORM,BACK,LYM
,NORM,BACK,MUC
,NORM,BACK,LYM
,MUS,BACK,MUS
,STR,BACK,LYM
,TUM,BACK,TUM
,NORM,BACK,MUC
,BACK,BACK,MUS
,NORM,BACK,MUC
,MUS,BACK,MUS
,ADI,BACK,MUS
,LYM,BACK,LYM
,MUS,BACK,MUS
,STR,BACK,MUS
,LYM,BACK,LYM
,ADI,BACK,MUS
,LYM,BACK,LYM
,NORM,BACK,MUC
,LYM,BACK,LYM
,MUS,BACK,MUS
,MUS,BACK,MUS
,ADI,BACK,MUS
,LYM,BACK,LYM
,MUC,BACK,MUS
,BACK,BACK,NORM
,TUM,BACK,TUM
,MUS,BACK,MUS
,TUM,BACK,MUS
,ADI,BACK,MUS
,TUM,BACK,MUS
,ADI,BACK,MUS
,TUM,BACK,MUS
,NORM,BACK,MUS
,TUM,BACK,MUS
,ADI,BACK,MUS
,TUM,BACK,LYM
,LYM,BACK,LYM
,BACK,BACK,MUS
,MUS,BACK,MUS
,NORM,BACK,MUC
,NORM,BACK,MUC
,ADI,BACK,MUS
,TUM,BACK,MUS
,ADI,BACK,MUS
,LYM,BACK,LYM
,BACK,BACK,MUS
,NORM,BACK,MUC
,MUC,BACK,MUS
,ADI,BACK,MUS
,ADI,BACK,MUS
,ADI,BACK,MUS
,NORM,BACK,MUC
,TUM,BACK,TUM
,BACK,BACK,MUS
,ADI,BACK,MUS
,TUM,BACK,TUM
,MUS,BACK,MUS
,BACK,BACK,MUS
,MUS,BACK,MUS
,STR,BACK,LYM
,BACK,BACK,MUS
,MUC,BACK,MUS
,BACK,BACK,MUS
,TUM,BACK,TUM
,NORM,BACK,MUC
,ADI,BACK,MUS
,MUS,BACK,MUS
,ADI,BACK,MUS
,ADI,BACK,ADI
,MUC,BACK,LYM
,BACK,BACK,MUS
,ADI,BACK,MUS
,MUS,BACK,MUS
,TUM,BACK,MUS
,MUC,BACK,MUS
,MUS,BACK,MUS
,DEB,BACK,TUM
,NORM,BACK,LYM
,MUC,BACK,MUS
,ADI,BACK,MUS
,MUS,BACK,MUS
,NORM,BACK,MUC
,NORM,BACK,MUC
,STR,BACK,MUS
,BACK,BACK,MUS
,TUM,BACK,TUM
,NORM,BACK,LYM
,MUS,BACK,MUS
,MUS,BACK,MUS
,MUC,BACK,MUS
,ADI,BACK,MUS
,MUC,BACK,MUS
,STR,BACK,TUM
,ADI,BACK,MUS
,NORM,BACK,TUM
,MUC,BACK,MUS
,DEB,BACK,TUM
,ADI,BACK,MUS
,NORM,BACK,MUC
,ADI,BACK,MUS
,TUM,BACK,TUM
,ADI,BACK,LYM
,MUC,BACK,MUS
,TUM,BACK,MUS
,NORM,BACK,MUC
,TUM,BACK,TUM
,ADI,BACK,MUS
,ADI,BACK,MUS
,MUS,BACK,MUS
,MUC,BACK,MUS
,NORM,BACK,MUC
,TUM,BACK,MUS
,ADI,BACK,MUS
,ADI,BACK,MUS
,MUC,BACK,MUS
,TUM,BACK,MUS
,NORM,BACK,LYM
,ADI,BACK,MUS
,MUS,BACK,MUS
,BACK,BACK,MUS
,MUS,BACK,MUS
,MUC,BACK,MUS
,TUM,BACK,MUS
,STR,BACK,LYM
,TUM,BACK,TUM
,BACK,BACK,MUS
,ADI,BACK,LYM
,ADI,BACK,MUS
,DEB,BACK,TUM
,MUC,BACK,MUS
,ADI,BACK,MUS
,STR,BACK,MUS
,TUM,BACK,MUS
,LYM,BACK,LYM
,NORM,BACK,MUC
,DEB,BACK,MUS
,ADI,BACK,MUS
,BACK,BACK,NORM
,BACK,BACK,MUS
,BACK,BACK,MUS
,ADI,BACK,MUS
,ADI,BACK,MUS
,BACK,BACK,MUC
,LYM,BACK,LYM
,BACK,BACK,MUS
,ADI,BACK,MUS
,STR,BACK,MUS
,NORM,BACK,LYM
,DEB,BACK,MUS
,TUM,BACK,MUC
,ADI,BACK,MUS
,ADI,BACK,MUS
,NORM,BACK,MUC
,TUM,BACK,MUS
,MUC,BACK,MUS
,DEB,BACK,MUS
,ADI,BACK,MUS
,BACK,BACK,MUS
,TUM,BACK,MUS
,MUC,BACK,MUS
,ADI,BACK,MUS
,BACK,BACK,MUS
,TUM,BACK,MUS
,MUS,BACK,MUS
,ADI,BACK,MUS
,LYM,BACK,LYM
,MUS,BACK,MUS
,BACK,BACK,MUS
,STR,BACK,MUS
,LYM,BACK,LYM
,NORM,BACK,LYM
,LYM,BACK,LYM
,MUS,BACK,MUS
,STR,BACK,LYM
,BACK,BACK,MUS
,NORM,BACK,MUC
,LYM,BACK,LYM
,MUC,BACK,LYM
,TUM,BACK,MUS
,LYM,BACK,LYM
,ADI,BACK,MUS
,ADI,BACK,LYM
,MUS,BACK,MUS
,TUM,BACK,TUM
,DEB,BACK,MUS
,DEB,BACK,MUS
,TUM,BACK,MUS
,ADI,BACK,BACK
,BACK,BACK,MUS
,NORM,BACK,LYM
,LYM,BACK,LYM
,BACK,BACK,MUS
,BACK,BACK,MUS
,ADI,BACK,MUS
,TUM,BACK,TUM
,MUC,BACK,MUS
,MUS,BACK,MUS
,BACK,BACK,MUC
,LYM,BACK,LYM
,MUC,BACK,MUS
,BACK,BACK,MUS
,NORM,BACK,LYM
,TUM,BACK,TUM
,LYM,BACK,LYM
,LYM,BACK,LYM
,TUM,BACK,TUM
,BACK,BACK,MUC
,BACK,BACK,MUS
,DEB,BACK,MUS
,MUC,BACK,MUS
,BACK,BACK,MUS
,DEB,BACK,MUS
,MUC,BACK,LYM
,MUC,BACK,MUS
,TUM,BACK,MUC
,TUM,BACK,TUM
,MUS,BACK,MUS
,TUM,BACK,TUM
,LYM,BACK,LYM
,ADI,BACK,MUS
,STR,BACK,MUS
,MUC,BACK,MUS
,MUC,BACK,MUS
,TUM,BACK,MUS
,ADI,BACK,MUS
,DEB,BACK,MUS
,MUC,BACK,MUC
,MUC,BACK,LYM
,BACK,BACK,MUS
,LYM,BACK,LYM
,LYM,BACK,LYM
,LYM,BACK,LYM
,ADI,BACK,MUS
,DEB,BACK,LYM
,ADI,BACK,MUS
,NORM,BACK,MUC
,ADI,BACK,MUS
,TUM,BACK,TUM
,NORM,BACK,MUC
,TUM,BACK,TUM
,LYM,BACK,LYM
,ADI,BACK,MUS
,LYM,BACK,LYM
,ADI,BACK,MUS
,MUC,BACK,MUS
,NORM,BACK,LYM
,BACK,BACK,MUS
,STR,BACK,MUS
,ADI,BACK,MUS
,STR,BACK,LYM
,MUC,BACK,MUS
,TUM,BACK,TUM
,DEB,BACK,MUS
,STR,BACK,LYM
,ADI,BACK,LYM
,MUC,BACK,MUS
,ADI,BACK,MUS
,ADI,BACK,MUS
,MUS,BACK,MUS
,BACK,BACK,MUS
,ADI,BACK,MUS
,TUM,BACK,LYM
,MUS,BACK,MUS
,TUM,BACK,MUS
,BACK,BACK,MUC
,LYM,BACK,LYM
,ADI,BACK,MUS
,MUS,BACK,MUS
,DEB,BACK,TUM
,STR,BACK,MUS
,STR,BACK,MUS
,ADI,BACK,MUS
,STR,BACK,LYM
,MUS,BACK,LYM
,BACK,BACK,MUS
,MUC,BACK,MUS
,LYM,BACK,LYM
,ADI,BACK,MUS
,MUS,BACK,MUS
,MUC,BACK,MUC
,ADI,BACK,MUS
,ADI,BACK,LYM
,MUC,BACK,MUS
,ADI,BACK,MUS
,LYM,BACK,LYM
,ADI,BACK,MUS
,NORM,BACK,MUC
,ADI,BACK,MUS
,TUM,BACK,TUM
,ADI,BACK,MUS
,LYM,BACK,LYM
,TUM,BACK,MUC
,DEB,BACK,LYM
,ADI,BACK,MUS
,ADI,BACK,MUS
,TUM,BACK,MUS
,BACK,BACK,MUS
,ADI,BACK,BACK
,MUS,BACK,MUS
,ADI,BACK,MUS
,ADI,BACK,MUS
,BACK,BACK,MUS
,ADI,BACK,MUS
,TUM,BACK,TUM
,TUM,BACK,TUM
,TUM,BACK,TUM
,ADI,BACK,MUS
,ADI,BACK,MUS
,ADI,BACK,MUS
,NORM,BACK,LYM
,TUM,BACK,LYM
,LYM,BACK,LYM
,TUM,BACK,MUC
,STR,BACK,MUS
,STR,BACK,MUS
,BACK,BACK,NORM
,BACK,BACK,MUC
,BACK,BACK,NORM
,STR,BACK,MUS
,MUC,BACK,MUS
,MUC,BACK,MUS
,NORM,BACK,MUC
,BACK,BACK,MUS
,BACK,BACK,MUS
,TUM,BACK,MUS
,MUS,BACK,MUS
,STR,BACK,LYM
,MUC,BACK,MUS
,MUC,BACK,MUS
,MUC,BACK,NORM
,BACK,BACK,MUS
,TUM,BACK,TUM
,ADI,BACK,MUS
,MUC,BACK,MUS
,ADI,BACK,MUS
,TUM,BACK,TUM
,TUM,BACK,TUM
,ADI,BACK,MUS
,ADI,BACK,MUS
,TUM,BACK,TUM
,MUC,BACK,MUS
,MUC,BACK,MUS
,MUC,BACK,MUS
,TUM,BACK,MUS
,MUS,BACK,MUS
,ADI,BACK,MUS
,ADI,BACK,MUS
,TUM,BACK,TUM
,LYM,BACK,LYM
,TUM,BACK,MUS
,MUC,BACK,LYM
,MUS,BACK,MUS
,TUM,BACK,TUM
,BACK,BACK,MUS
,LYM,BACK,LYM
,LYM,BACK,LYM
,DEB,BACK,LYM
,TUM,BACK,TUM
,TUM,BACK,TUM
,BACK,BACK,MUS
,NORM,BACK,MUC
,DEB,BACK,MUS
,TUM,BACK,TUM
,MUS,BACK,LYM
,MUC,BACK,MUS
,MUC,BACK,MUS
,STR,BACK,MUS
,NORM,BACK,LYM
,BACK,BACK,NORM
,LYM,BACK,LYM
,ADI,BACK,MUS
,NORM,BACK,LYM
,STR,BACK,TUM
,ADI,BACK,MUS
,DEB,BACK,MUS
,LYM,BACK,LYM
,ADI,BACK,MUS
,TUM,BACK,MUC
,MUS,BACK,MUS
,ADI,BACK,MUS
,TUM,BACK,TUM
,ADI,BACK,MUS
,MUC,BACK,MUS
,TUM,BACK,TUM
,NORM,BACK,LYM
,ADI,BACK,MUS
,TUM,BACK,TUM
,MUS,BACK,MUS
,NORM,BACK,LYM
,ADI,BACK,MUS
,BACK,BACK,MUS
,MUC,BACK,MUS
,MUC,BACK,NORM
,TUM,BACK,TUM
,NORM,BACK,LYM
,STR,BACK,LYM
,ADI,BACK,BACK
,LYM,BACK,LYM
,MUC,BACK,MUC
,STR,BACK,MUS
,MUS,BACK,MUS
,MUS,BACK,MUS
,NORM,BACK,MUC
,TUM,BACK,LYM
,LYM,BACK,LYM
,ADI,BACK,MUS
,NORM,BACK,MUC
,LYM,BACK,LYM
,ADI,BACK,MUS
,TUM,BACK,TUM
,MUC,BACK,MUS
,STR,BACK,MUS
,NORM,BACK,LYM
,BACK,BACK,NORM
,MUC,BACK,MUS
,ADI,BACK,MUS
,DEB,BACK,MUS
,STR,BACK,MUS
,ADI,BACK,MUS
,MUC,BACK,MUS
,BACK,BACK,MUS
,ADI,BACK,MUS
,NORM,BACK,LYM
,MUC,BACK,MUS
,MUC,BACK,MUS
,MUC,BACK,MUS
,NORM,BACK,MUC
,BACK,BACK,MUS
,ADI,BACK,MUS
,TUM,BACK,TUM
,TUM,BACK,MUS
,BACK,BACK,NORM
,TUM,BACK,LYM
,LYM,BACK,LYM
,TUM,BACK,TUM
,STR,BACK,MUS
,STR,BACK,LYM
,DEB,BACK,MUS
,BACK,BACK,MUS
,NORM,BACK,MUC
,TUM,BACK,MUS
,LYM,BACK,LYM
,ADI,BACK,LYM
,LYM,BACK,LYM
,MUC,BACK,MUS
,NORM,BACK,LYM
,NORM,BACK,LYM
,STR,BACK,MUS
,LYM,BACK,LYM
,TUM,BACK,MUS
,MUS,BACK,MUS
,MUC,BACK,MUS
,MUC,BACK,MUS
,TUM,BACK,TUM
,NORM,BACK,MUC
,TUM,BACK,TUM
,TUM,BACK,TUM
,MUC,BACK,MUS
,ADI,BACK,MUS
,LYM,BACK,LYM
,TUM,BACK,TUM
,LYM,BACK,LYM
,ADI,BACK,NORM
,MUC,BACK,LYM
,DEB,BACK,LYM
,TUM,BACK,TUM
,NORM,BACK,MUC
,BACK,BACK,NORM
,MUC,BACK,MUS
,BACK,BACK,MUS
,TUM,BACK,TUM
,TUM,BACK,MUS
,TUM,BACK,MUS
,BACK,BACK,MUS
,LYM,BACK,LYM
,LYM,BACK,LYM
,ADI,BACK,MUS
,DEB,BACK,MUS
,STR,BACK,MUS
,MUC,BACK,MUS
,ADI,BACK,MUS
,BACK,BACK,NORM
,NORM,BACK,MUC
,STR,BACK,LYM
,ADI,BACK,MUS
,LYM,BACK,LYM
,LYM,BACK,LYM
,MUC,BACK,LYM
,LYM,BACK,LYM
,STR,BACK,MUS
,NORM,BACK,LYM
,BACK,BACK,MUS
,ADI,BACK,MUS
,ADI,BACK,MUS
,MUS,BACK,MUS
,MUC,BACK,MUS
,ADI,BACK,MUS
,NORM,BACK,MUC
,NORM,BACK,MUC
,LYM,BACK,LYM
,ADI,BACK,MUS
,BACK,BACK,MUS
,TUM,BACK,MUS
,ADI,BACK,MUS
,TUM,BACK,MUC
,MUS,BACK,MUS
,ADI,BACK,MUS
,ADI,BACK,MUS
,ADI,BACK,MUS
,STR,BACK,LYM
,NORM,BACK,ADI
,MUC,BACK,MUC
,ADI,BACK,MUS
,DEB,BACK,MUS
,MUC,BACK,MUS
,TUM,BACK,TUM
,TUM,BACK,TUM
,MUC,BACK,MUS
,BACK,BACK,MUS
,DEB,BACK,TUM
,LYM,BACK,LYM
,TUM,BACK,TUM
,BACK,BACK,MUS
,ADI,BACK,MUS
,TUM,BACK,MUS
,LYM,BACK,LYM
,MUS,BACK,MUS
,MUC,BACK,MUS
,STR,BACK,MUS
,ADI,BACK,MUS
,MUC,BACK,MUS
,TUM,BACK,TUM
,TUM,BACK,TUM
,LYM,BACK,LYM
,ADI,BACK,MUS
,NORM,BACK,MUC
,MUC,BACK,MUS
,DEB,BACK,LYM
,ADI,BACK,MUS
,ADI,BACK,MUS
,BACK,BACK,MUC
,MUC,BACK,LYM
,TUM,BACK,TUM
,MUC,BACK,MUS
,TUM,BACK,MUS
,MUC,BACK,MUS
,NORM,BACK,LYM
,MUC,BACK,MUS
,BACK,BACK,NORM
,NORM,BACK,MUC
,TUM,BACK,TUM
,ADI,BACK,MUS
,MUC,BACK,MUS
,ADI,BACK,MUS
,MUC,BACK,MUS
,LYM,BACK,LYM
,TUM,BACK,TUM
,NORM,BACK,LYM
,ADI,BACK,MUS
,LYM,BACK,LYM
,ADI,BACK,MUS
,LYM,BACK,LYM
,NORM,BACK,LYM
,BACK,BACK,MUS
,MUC,BACK,MUS
,TUM,BACK,TUM
,MUC,BACK,MUS
,ADI,BACK,MUS
,NORM,BACK,LYM
,MUC,BACK,MUS
,MUS,BACK,MUS
,MUS,BACK,MUS
,TUM,BACK,TUM
,NORM,BACK,MUC
,NORM,BACK,LYM
,ADI,BACK,MUS
,LYM,BACK,LYM
,BACK,BACK,MUS
,BACK,BACK,MUS
,ADI,BACK,MUS
,ADI,BACK,MUS
,NORM,BACK,LYM
,MUS,BACK,MUS
,MUC,BACK,MUS
,MUS,BACK,MUS
,DEB,BACK,LYM
,MUC,BACK,MUS
,NORM,BACK,LYM
,NORM,BACK,LYM
,STR,BACK,MUS
,TUM,BACK,MUS
,MUS,BACK,MUS
,TUM,BACK,TUM
,ADI,BACK,MUS
,TUM,BACK,TUM
,STR,BACK,MUS
,ADI,BACK,MUS
,BACK,BACK,MUS
,BACK,BACK,MUS
,DEB,BACK,MUS
,TUM,BACK,TUM
,MUS,BACK,MUS
,NORM,BACK,LYM
,LYM,BACK,LYM
,MUC,BACK,TUM
,ADI,BACK,MUS
,DEB,BACK,LYM
,BACK,BACK,NORM
,NORM,BACK,MUC
,STR,BACK,MUS
,NORM,BACK,LYM
,BACK,BACK,MUS
,MUC,BACK,MUS
,MUC,BACK,MUS
,DEB,BACK,MUS
,ADI,BACK,MUS
,ADI,BACK,MUS
,BACK,BACK,MUS
,NORM,BACK,MUC
,NORM,BACK,MUC
,ADI,BACK,MUS
,TUM,BACK,TUM
,TUM,BACK,TUM
,BACK,BACK,MUS
,ADI,BACK,MUS
,MUS,BACK,MUS
,DEB,BACK,MUS
,TUM,BACK,MUS
,TUM,BACK,TUM
,ADI,BACK,MUS
,BACK,BACK,MUS
,TUM,BACK,LYM
,NORM,BACK,MUC
,STR,BACK,LYM
,NORM,BACK,LYM
,TUM,BACK,TUM
,MUC,BACK,MUS
,BACK,BACK,MUS
,ADI,BACK,MUS
,NORM,BACK,LYM
,STR,BACK,LYM
,TUM,BACK,TUM
,STR,BACK,MUS
,STR,BACK,LYM
,DEB,BACK,LYM
,MUC,BACK,MUS
,ADI,BACK,MUS
,ADI,BACK,MUS
,BACK,BACK,MUS
,BACK,BACK,MUS
,BACK,BACK,MUS
,LYM,BACK,LYM
,ADI,BACK,MUS
,TUM,BACK,MUS
,ADI,BACK,MUS
,MUC,BACK,MUS
,NORM,BACK,LYM
,MUS,BACK,MUS
,MUC,BACK,MUS
,MUC,BACK,MUS
,TUM,BACK,TUM
,BACK,BACK,NORM
,BACK,BACK,MUC
,NORM,BACK,MUC
,NORM,BACK,NORM
,NORM,BACK,MUC
,TUM,BACK,TUM
,NORM,BACK,MUC
,BACK,BACK,MUS
,ADI,BACK,MUS
,DEB,BACK,LYM
,DEB,BACK,MUS
,NORM,BACK,LYM
,MUS,BACK,MUS
,MUC,BACK,MUS
,STR,BACK,LYM
,MUC,BACK,MUS
,MUC,BACK,MUS
,TUM,BACK,MUC
,NORM,BACK,MUC
,BACK,DEB,MUS
,LYM,DEB,LYM
,DEB,DEB,MUS
,NORM,DEB,LYM
,NORM,DEB,NORM
,DEB,DEB,MUS
,MUC,DEB,MUS
,TUM,DEB,TUM
,TUM,DEB,MUS
,MUC,DEB,MUS
,TUM,DEB,TUM
,NORM,DEB,MUC
,TUM,DEB,TUM
,TUM,DEB,LYM
,NORM,DEB,MUC
,DEB,DEB,MUS
,TUM,DEB,TUM
,ADI,DEB,MUS
,MUS,DEB,MUS
,LYM,DEB,LYM
,LYM,DEB,LYM
,ADI,DEB,MUS
,ADI,DEB,LYM
,NORM,DEB,MUC
,NORM,DEB,LYM
,TUM,DEB,MUC
,TUM,DEB,MUS
,ADI,DEB,MUS
,ADI,DEB,MUS
,BACK,DEB,MUS
,MUS,DEB,MUS
,MUC,DEB,MUS
,NORM,DEB,MUC
,BACK,DEB,MUS
,BACK,DEB,NORM
,TUM,DEB,TUM
,ADI,DEB,TUM
,MUC,DEB,MUS
,NORM,DEB,NORM
,TUM,DEB,MUS
,TUM,DEB,TUM
,MUC,DEB,MUS
,MUC,DEB,MUS
,MUC,DEB,MUS
,STR,DEB,LYM
,MUS,DEB,MUS
,BACK,DEB,ADI
,ADI,DEB,MUS
,MUC,DEB,MUC
,NORM,DEB,LYM
,ADI,DEB,MUS
,MUS,DEB,MUS
,ADI,DEB,MUS
,ADI,DEB,MUS
,TUM,DEB,LYM
,TUM,DEB,TUM
,ADI,DEB,MUS
,LYM,DEB,LYM
,MUC,DEB,MUS
,TUM,DEB,TUM
,MUC,DEB,MUS
,ADI,DEB,MUS
,ADI,DEB,MUS
,LYM,DEB,LYM
,MUC,DEB,MUS
,ADI,DEB,MUS
,BACK,DEB,MUS
,TUM,DEB,TUM
,BACK,DEB,MUS
,BACK,DEB,TUM
,BACK,DEB,MUS
,MUS,DEB,MUS
,TUM,DEB,MUS
,TUM,DEB,TUM
,ADI,DEB,MUS
,NORM,DEB,MUS
,MUS,DEB,MUS
,ADI,DEB,MUS
,BACK,DEB,MUS
,DEB,DEB,TUM
,MUS,DEB,MUS
,MUC,DEB,MUS
,MUC,DEB,MUS
,STR,DEB,MUS
,LYM,DEB,LYM
,BACK,DEB,MUC
,DEB,DEB,TUM
,ADI,DEB,MUS
,LYM,DEB,LYM
,LYM,DEB,LYM
,BACK,DEB,MUS
,ADI,DEB,MUS
,TUM,DEB,TUM
,DEB,DEB,TUM
,ADI,DEB,LYM
,MUS,DEB,MUS
,BACK,DEB,MUS
,TUM,DEB,MUC
,STR,DEB,MUS
,MUS,DEB,MUS
,BACK,DEB,MUC
,BACK,DEB,MUS
,LYM,DEB,LYM
,BACK,DEB,MUS
,NORM,DEB,MUC
,TUM,DEB,TUM
,MUS,DEB,MUS
,TUM,DEB,TUM
,BACK,DEB,NORM
,BACK,DEB,MUS
,NORM,DEB,NORM
,MUS,DEB,MUS
,BACK,DEB,TUM
,LYM,DEB,LYM
,STR,DEB,MUS
,ADI,DEB,MUS
,NORM,DEB,MUC
,LYM,DEB,LYM
,STR,DEB,TUM
,TUM,DEB,LYM
,STR,DEB,MUS
,LYM,DEB,LYM
,MUC,DEB,MUS
,ADI,DEB,MUS
,TUM,DEB,TUM
,MUS,DEB,MUS
,ADI,DEB,MUS
,MUC,DEB,MUS
,TUM,DEB,MUC
,BACK,DEB,MUS
,NORM,DEB,LYM
,BACK,DEB,NORM
,MUC,DEB,LYM
,TUM,DEB,MUS
,NORM,DEB,NORM
,BACK,DEB,MUS
,ADI,DEB,MUS
,MUC,DEB,MUS
,LYM,DEB,LYM
,TUM,DEB,LYM
,BACK,DEB,MUS
,NORM,DEB,MUC
,MUC,DEB,MUS
,BACK,DEB,MUC
,NORM,DEB,MUC
,ADI,DEB,MUS
,MUC,DEB,MUS
,TUM,DEB,MUC
,NORM,DEB,MUC
,ADI,DEB,MUS
,NORM,DEB,ADI
,TUM,DEB,MUS
,BACK,DEB,MUC
,MUC,DEB,MUS
,BACK,DEB,MUC
,NORM,DEB,LYM
,BACK,DEB,MUS
,DEB,DEB,MUS
,BACK,DEB,MUS
,LYM,DEB,MUS
,STR,DEB,MUS
,MUS,DEB,MUS
,BACK,DEB,MUS
,LYM,DEB,LYM
,ADI,DEB,MUS
,MUC,DEB,MUS
,MUC,DEB,MUS
,TUM,DEB,TUM
,MUC,DEB,MUS
,TUM,DEB,MUS
,BACK,DEB,NORM
,ADI,DEB,MUS
,TUM,DEB,TUM
,LYM,DEB,LYM
,TUM,DEB,TUM
,MUS,DEB,MUS
,ADI,DEB,MUS
,DEB,DEB,MUS
,MUS,DEB,LYM
,NORM,DEB,TUM
,BACK,DEB,MUS
,LYM,DEB,TUM
,NORM,DEB,ADI
,ADI,DEB,MUS
,NORM,DEB,LYM
,MUS,DEB,LYM
,MUS,DEB,MUS
,BACK,DEB,MUS
,ADI,DEB,BACK
,TUM,DEB,TUM
,BACK,DEB,NORM
,ADI,DEB,MUS
,LYM,DEB,LYM
,NORM,DEB,MUC
,DEB,DEB,MUS
,MUC,DEB,TUM
,BACK,DEB,MUS
,MUC,DEB,MUS
,ADI,DEB,MUS
,BACK,DEB,MUS
,MUC,DEB,MUS
,MUC,DEB,TUM
,STR,DEB,MUS
,ADI,DEB,LYM
,TUM,DEB,MUC
,TUM,DEB,TUM
,MUC,DEB,MUS
,TUM,DEB,MUS
,TUM,DEB,MUC
,BACK,DEB,MUC
,ADI,DEB,MUS
,MUC,DEB,MUS
,ADI,DEB,LYM
,MUC,DEB,MUS
,MUC,DEB,MUC
,MUS,DEB,MUS
,BACK,DEB,MUS
,LYM,DEB,LYM
,LYM,DEB,LYM
,TUM,DEB,MUS
,MUC,DEB,MUS
,TUM,DEB,TUM
,TUM,DEB,MUS
,MUS,DEB,MUS
,LYM,DEB,LYM
,NORM,DEB,ADI
,NORM,DEB,LYM
,ADI,DEB,MUS
,DEB,DEB,TUM
,TUM,DEB,TUM
,MUC,DEB,MUS
,ADI,DEB,MUS
,MUS,DEB,MUS
,MUC,DEB,MUS
,TUM,DEB,TUM
,LYM,DEB,LYM
,BACK,DEB,MUS
,ADI,DEB,MUS
,MUC,DEB,MUS
,BACK,DEB,NORM
,MUC,DEB,MUS
,LYM,DEB,LYM
,MUS,DEB,MUS
,TUM,DEB,MUS
,DEB,DEB,MUS
,MUS,DEB,MUS
,BACK,DEB,MUS
,MUS,DEB,MUS
,MUS,DEB,MUS
,STR,DEB,LYM
,TUM,DEB,TUM
,TUM,DEB,MUS
,NORM,DEB,MUC
,NORM,DEB,MUC
,ADI,DEB,NORM
,ADI,DEB,MUS
,MUC,DEB,MUS
,NORM,DEB,LYM
,TUM,DEB,TUM
,NORM,DEB,LYM
,MUC,DEB,MUS
,LYM,DEB,LYM
,NORM,DEB,LYM
,TUM,DEB,MUC
,ADI,DEB,MUS
,STR,DEB,MUS
,TUM,DEB,MUS
,MUC,DEB,MUS
,MUC,DEB,MUS
,TUM,DEB,MUS
,NORM,DEB,LYM
,ADI,DEB,MUS
,NORM,DEB,MUC
,BACK,DEB,MUS
,NORM,DEB,MUC
,BACK,DEB,MUS
,MUC,DEB,MUS
,STR,DEB,MUS
,ADI,DEB,LYM
,MUC,DEB,MUS
,NORM,DEB,MUC
,ADI,DEB,MUS
,BACK,DEB,MUS
,BACK,DEB,MUS
,MUS,DEB,MUS
,TUM,DEB,TUM
,NORM,DEB,LYM
,TUM,DEB,TUM
,MUS,DEB,MUS
,TUM,DEB,MUS
,BACK,DEB,MUS
,NORM,DEB,ADI
,STR,DEB,MUS
,BACK,DEB,NORM
,MUS,DEB,MUS
,TUM,DEB,MUS
,TUM,DEB,MUC
,TUM,DEB,TUM
,ADI,DEB,MUS
,ADI,DEB,MUS
,MUC,DEB,MUS
,TUM,DEB,TUM
,ADI,DEB,MUS
,NORM,DEB,MUC
,MUC,DEB,MUS
,TUM,DEB,MUS
,STR,DEB,MUS
,NORM,DEB,MUC
,TUM,DEB,TUM
,TUM,DEB,MUS
,ADI,DEB,MUS
,MUC,DEB,MUS
,STR,DEB,LYM
,MUC,DEB,LYM
,TUM,DEB,MUS
,NORM,DEB,MUC
,MUC,DEB,LYM
,TUM,DEB,TUM
,ADI,DEB,MUS
,TUM,DEB,TUM
,LYM,DEB,LYM
,MUS,DEB,MUS
,NORM,DEB,MUC
,MUS,DEB,MUS
,BACK,DEB,MUS
,TUM,DEB,MUS
,LYM,DEB,LYM
,MUC,DEB,MUS
,LYM,DEB,LYM
,MUC,DEB,MUS
,LYM,DEB,LYM
,TUM,DEB,TUM
,MUS,DEB,MUS
,ADI,DEB,MUS
,MUS,DEB,MUS
,STR,DEB,MUS
,MUS,DEB,MUS
,BACK,DEB,MUS
,BACK,DEB,MUS
,MUS,LYM,MUS
,NORM,LYM,LYM
,MUS,LYM,MUS
,TUM,LYM,MUC
,LYM,LYM,LYM
,MUC,LYM,MUS
,LYM,LYM,LYM
,MUC,LYM,MUS
,TUM,LYM,MUC
,NORM,LYM,ADI
,MUS,LYM,MUS
,NORM,LYM,LYM
,TUM,LYM,MUC
,TUM,LYM,MUC
,BACK,LYM,NORM
,ADI,LYM,MUS
,MUC,LYM,LYM
,DEB,LYM,LYM
,ADI,LYM,MUS
,NORM,LYM,MUC
,MUS,LYM,MUS
,LYM,LYM,LYM
,MUS,LYM,MUS
,ADI,LYM,MUS
,TUM,LYM,TUM
,NORM,LYM,LYM
,ADI,LYM,MUS
,MUC,LYM,MUS
,TUM,LYM,MUC
,BACK,LYM,MUS
,TUM,LYM,TUM
,STR,LYM,MUS
,BACK,LYM,MUC
,ADI,LYM,MUS
,STR,LYM,MUS
,DEB,LYM,TUM
,NORM,LYM,MUS
,DEB,LYM,TUM
,BACK,LYM,MUC
,MUC,LYM,MUS
,LYM,LYM,LYM
,MUC,LYM,MUS
,ADI,LYM,MUS
,TUM,LYM,TUM
,MUC,LYM,MUS
,DEB,LYM,TUM
,TUM,LYM,TUM
,MUC,LYM,MUS
,MUS,LYM,MUS
,LYM,LYM,LYM
,LYM,LYM,LYM
,ADI,LYM,MUS
,MUC,LYM,MUS
,MUC,LYM,MUS
,TUM,LYM,TUM
,TUM,LYM,LYM
,NORM,LYM,MUC
,NORM,LYM,LYM
,NORM,LYM,LYM
,ADI,LYM,MUS
,MUC,LYM,MUS
,ADI,LYM,MUS
,ADI,LYM,MUS
,TUM,LYM,MUS
,MUC,LYM,LYM
,MUC,LYM,MUS
,ADI,LYM,MUS
,MUS,LYM,MUS
,BACK,LYM,MUS
,MUC,LYM,MUS
,BACK,LYM,MUS
,STR,LYM,MUS
,DEB,LYM,MUS
,NORM,LYM,LYM
,BACK,LYM,MUS
,ADI,LYM,MUS
,TUM,LYM,TUM
,LYM,LYM,LYM
,ADI,LYM,MUS
,STR,LYM,MUS
,NORM,LYM,LYM
,ADI,LYM,NORM
,MUC,LYM,MUS
,ADI,LYM,MUS
,MUS,LYM,MUS
,MUS,LYM,MUS
,MUS,LYM,MUS
,TUM,LYM,TUM
,STR,LYM,LYM
,ADI,LYM,MUS
,MUS,LYM,MUS
,LYM,LYM,LYM
,TUM,LYM,LYM
,MUS,LYM,MUS
,MUC,LYM,MUS
,TUM,LYM,TUM
,TUM,LYM,TUM
,ADI,LYM,MUS
,MUC,LYM,MUS
,MUC,LYM,MUC
,MUC,LYM,MUS
,LYM,LYM,LYM
,TUM,LYM,TUM
,ADI,LYM,LYM
,MUC,LYM,MUS
,NORM,LYM,MUC
,MUS,LYM,MUS
,ADI,LYM,MUS
,BACK,LYM,MUS
,BACK,LYM,NORM
,STR,LYM,MUS
,STR,LYM,MUS
,DEB,LYM,MUS
,MUC,LYM,MUC
,DEB,LYM,MUS
,MUC,LYM,LYM
,MUS,LYM,MUS
,TUM,LYM,MUS
,NORM,LYM,LYM
,STR,LYM,MUS
,DEB,LYM,MUS
,ADI,LYM,BACK
,BACK,LYM,MUS
,NORM,LYM,LYM
,MUC,LYM,MUS
,MUC,LYM,MUS
,MUC,LYM,MUS
,STR,LYM,LYM
,ADI,LYM,BACK
,BACK,LYM,MUS
,MUS,LYM,MUS
,NORM,LYM,LYM
,STR,LYM,MUS
,NORM,LYM,MUC
,MUC,LYM,MUS
,MUC,LYM,MUS
,MUC,LYM,MUS
,LYM,LYM,LYM
,TUM,LYM,LYM
,MUS,LYM,MUS
,BACK,LYM,MUS
,MUC,LYM,MUS
,NORM,LYM,MUC
,NORM,LYM,MUC
,TUM,LYM,MUS
,MUC,LYM,MUS
,LYM,LYM,LYM
,NORM,LYM,LYM
,LYM,LYM,LYM
,NORM,LYM,MUC
,DEB,LYM,MUS
,MUC,LYM,MUS
,ADI,LYM,MUS
,MUS,LYM,MUS
,MUS,LYM,MUS
,DEB,LYM,MUS
,MUC,LYM,MUS
,ADI,LYM,MUS
,MUS,LYM,MUS
,BACK,LYM,MUS
,ADI,LYM,MUS
,NORM,LYM,MUC
,ADI,LYM,MUS
,ADI,LYM,MUS
,MUC,LYM,MUS
,NORM,LYM,NORM
,MUS,LYM,MUS
,BACK,LYM,MUS
,NORM,LYM,ADI
,LYM,LYM,LYM
,DEB,LYM,MUS
,BACK,LYM,NORM
,NORM,LYM,LYM
,ADI,LYM,MUS
,TUM,LYM,TUM
,BACK,LYM,MUS
,DEB,LYM,MUS
,TUM,LYM,TUM
,BACK,LYM,MUS
,ADI,LYM,MUS
,MUC,LYM,LYM
,BACK,LYM,MUS
,MUC,LYM,MUS
,TUM,LYM,TUM
,TUM,LYM,TUM
,STR,LYM,MUS
,BACK,LYM,MUS
,TUM,LYM,MUS
,ADI,LYM,MUS
,DEB,LYM,MUS
,ADI,LYM,MUS
,MUC,LYM,MUS
,ADI,LYM,MUS
,TUM,LYM,TUM
,ADI,LYM,MUS
,STR,LYM,MUS
,MUC,LYM,MUS
,MUC,LYM,MUS
,BACK,LYM,MUC
,TUM,LYM,TUM
,MUC,LYM,MUS
,MUC,LYM,MUS
,NORM,LYM,LYM
,STR,LYM,MUS
,BACK,LYM,MUS
,STR,LYM,LYM
,MUC,LYM,MUS
,MUC,LYM,MUS
,MUC,LYM,MUS
,STR,LYM,LYM
,MUC,LYM,MUS
,MUC,LYM,MUS
,ADI,LYM,MUS
,BACK,LYM,MUS
,NORM,LYM,ADI
,LYM,LYM,LYM
,ADI,LYM,MUS
,TUM,LYM,TUM
,TUM,LYM,MUS
,TUM,LYM,LYM
,NORM,LYM,MUC
,DEB,LYM,MUS
,STR,LYM,MUS
,NORM,LYM,LYM
,STR,LYM,MUS
,NORM,LYM,MUC
,LYM,LYM,LYM
,LYM,LYM,LYM
,LYM,LYM,LYM
,ADI,LYM,MUS
,BACK,LYM,MUS
,DEB,LYM,MUS
,BACK,LYM,MUS
,TUM,LYM,TUM
,TUM,LYM,TUM
,MUS,LYM,MUS
,TUM,LYM,TUM
,TUM,LYM,TUM
,MUC,LYM,MUS
,ADI,LYM,MUS
,TUM,LYM,TUM
,STR,LYM,MUS
,BACK,LYM,MUS
,ADI,LYM,MUS
,MUS,LYM,MUS
,LYM,LYM,LYM
,MUC,LYM,MUS
,DEB,LYM,MUS
,ADI,LYM,MUS
,MUS,LYM,MUS
,DEB,LYM,MUS
,MUS,LYM,MUS
,TUM,LYM,TUM
,NORM,LYM,LYM
,ADI,LYM,MUS
,STR,LYM,MUS
,BACK,LYM,MUS
,ADI,LYM,LYM
,MUS,LYM,MUS
,BACK,LYM,MUS
,MUS,LYM,MUS
,TUM,LYM,MUS
,BACK,LYM,MUS
,BACK,LYM,MUS
,ADI,LYM,MUS
,NORM,LYM,MUC
,MUC,LYM,MUS
,NORM,LYM,LYM
,TUM,LYM,TUM
,ADI,LYM,MUS
,ADI,LYM,MUS
,STR,LYM,MUS
,TUM,LYM,MUS
,TUM,LYM,MUS
,ADI,LYM,MUS
,STR,LYM,MUS
,MUC,LYM,MUS
,DEB,LYM,MUS
,ADI,LYM,BACK
,MUC,LYM,MUS
,TUM,LYM,MUS
,STR,LYM,MUS
,STR,LYM,LYM
,TUM,LYM,TUM
,STR,LYM,MUS
,ADI,LYM,MUS
,ADI,LYM,LYM
,NORM,LYM,LYM
,TUM,LYM,MUS
,DEB,LYM,MUS
,ADI,LYM,BACK
,ADI,LYM,MUS
,NORM,LYM,NORM
,ADI,LYM,MUS
,TUM,LYM,TUM
,DEB,LYM,TUM
,STR,LYM,LYM
,LYM,LYM,LYM
,LYM,LYM,LYM
,MUC,LYM,MUS
,ADI,LYM,MUS
,MUC,LYM,MUC
,TUM,LYM,TUM
,BACK,LYM,MUS
,NORM,LYM,LYM
,NORM,LYM,LYM
,TUM,LYM,TUM
,ADI,LYM,MUS
,TUM,LYM,LYM
,MUS,LYM,MUS
,MUC,LYM,MUS
,LYM,LYM,LYM
,NORM,LYM,LYM
,LYM,LYM,LYM
,TUM,LYM,TUM
,ADI,LYM,MUS
,TUM,LYM,MUC
,TUM,LYM,TUM
,TUM,LYM,TUM
,BACK,LYM,MUC
,DEB,LYM,MUS
,NORM,LYM,LYM
,MUC,LYM,MUS
,TUM,LYM,TUM
,TUM,LYM,MUS
,BACK,LYM,MUC
,TUM,LYM,LYM
,ADI,LYM,MUS
,MUC,LYM,MUS
,MUS,LYM,LYM
,TUM,LYM,MUC
,BACK,LYM,MUS
,NORM,LYM,MUC
,ADI,LYM,MUS
,MUC,LYM,MUS
,MUC,LYM,LYM
,ADI,LYM,MUS
,TUM,LYM,TUM
,BACK,LYM,MUS
,STR,LYM,LYM
,LYM,LYM,LYM
,BACK,LYM,NORM
,NORM,LYM,LYM
,ADI,LYM,MUS
,ADI,LYM,MUS
,LYM,LYM,LYM
,ADI,LYM,BACK
,TUM,LYM,MUC
,MUC,LYM,MUS
,TUM,LYM,MUS
,LYM,LYM,LYM
,TUM,LYM,TUM
,TUM,LYM,TUM
,STR,LYM,MUS
,BACK,LYM,MUS
,ADI,LYM,MUS
,DEB,LYM,LYM
,NORM,LYM,MUC
,STR,LYM,LYM
,ADI,LYM,MUS
,BACK,LYM,MUS
,NORM,LYM,LYM
,TUM,LYM,MUS
,TUM,LYM,MUS
,TUM,LYM,TUM
,TUM,LYM,TUM
,ADI,LYM,MUS
,MUC,LYM,MUS
,MUC,LYM,MUS
,LYM,LYM,LYM
,MUC,LYM,TUM
,NORM,LYM,LYM
,STR,LYM,MUS
,MUC,LYM,MUS
,TUM,LYM,TUM
,MUC,LYM,MUC
,STR,LYM,MUS
,TUM,LYM,TUM
,MUS,LYM,MUS
,BACK,LYM,NORM
,ADI,LYM,MUS
,STR,LYM,MUS
,ADI,LYM,MUS
,MUC,LYM,MUS
,BACK,LYM,MUS
,TUM,LYM,LYM
,NORM,LYM,MUC
,BACK,LYM,MUS
,BACK,LYM,MUS
,ADI,LYM,MUS
,MUC,LYM,MUS
,MUC,LYM,LYM
,MUC,LYM,MUS
,MUC,LYM,MUS
,LYM,LYM,LYM
,LYM,LYM,LYM
,MUC,LYM,MUS
,TUM,LYM,MUC
,BACK,LYM,MUS
,MUS,LYM,MUS
,MUC,LYM,MUS
,NORM,LYM,LYM
,TUM,LYM,ADI
,TUM,LYM,TUM
,MUC,LYM,MUS
,TUM,LYM,LYM
,DEB,LYM,MUS
,MUC,LYM,MUS
,MUS,LYM,MUS
,DEB,LYM,TUM
,NORM,LYM,MUC
,MUS,LYM,MUS
,ADI,LYM,MUS
,LYM,LYM,LYM
,TUM,LYM,TUM
,TUM,LYM,LYM
,ADI,LYM,MUS
,TUM,LYM,TUM
,BACK,LYM,MUS
,BACK,LYM,MUC
,MUC,LYM,MUS
,ADI,LYM,MUS
,BACK,LYM,MUS
,BACK,LYM,MUS
,NORM,LYM,MUC
,ADI,LYM,MUS
,ADI,LYM,MUS
,STR,LYM,MUS
,STR,LYM,MUS
,ADI,LYM,BACK
,TUM,LYM,TUM
,STR,LYM,MUS
,ADI,LYM,MUS
,MUC,LYM,MUS
,ADI,LYM,MUS
,DEB,LYM,TUM
,TUM,LYM,MUS
,TUM,LYM,MUS
,MUS,LYM,MUS
,MUS,LYM,MUS
,ADI,LYM,MUS
,MUC,LYM,MUS
,NORM,LYM,MUC
,MUC,LYM,MUS
,NORM,LYM,TUM
,BACK,LYM,MUS
,MUC,LYM,MUS
,BACK,LYM,MUS
,BACK,LYM,NORM
,LYM,LYM,LYM
,NORM,LYM,LYM
,MUC,LYM,MUS
,NORM,LYM,LYM
,LYM,LYM,LYM
,LYM,LYM,LYM
,TUM,LYM,MUC
,TUM,LYM,TUM
,MUC,LYM,MUS
,BACK,LYM,MUS
,TUM,LYM,TUM
,NORM,LYM,LYM
,MUC,LYM,MUS
,STR,LYM,MUS
,ADI,LYM,MUS
,ADI,LYM,MUS
,ADI,LYM,MUS
,TUM,LYM,MUS
,BACK,LYM,MUS
,NORM,LYM,LYM
,TUM,LYM,MUS
,MUC,LYM,MUS
,TUM,LYM,MUS
,TUM,LYM,TUM
,LYM,LYM,LYM
,STR,LYM,MUS
,BACK,LYM,MUC
,ADI,LYM,STR
,TUM,LYM,TUM
,MUC,LYM,LYM
,TUM,LYM,LYM
,MUC,LYM,LYM
,DEB,LYM,MUS
,NORM,LYM,MUC
,MUC,LYM,MUS
,ADI,LYM,MUS
,MUS,LYM,MUS
,MUC,LYM,MUS
,MUC,LYM,MUS
,ADI,LYM,MUS
,MUS,LYM,MUS
,MUC,LYM,MUS
,ADI,LYM,MUS
,TUM,LYM,MUS
,BACK,LYM,NORM
,BACK,LYM,MUS
,LYM,LYM,LYM
,NORM,LYM,MUC
,NORM,LYM,LYM
,ADI,LYM,MUS
,STR,LYM,MUS
,MUS,LYM,MUS
,ADI,LYM,MUS
,BACK,LYM,MUS
,STR,LYM,TUM
,ADI,LYM,MUS
,ADI,LYM,MUS
,DEB,LYM,MUS
,BACK,LYM,MUS
,BACK,LYM,MUS
,MUC,LYM,LYM
,MUC,LYM,MUS
,MUS,LYM,MUS
,STR,LYM,MUS
,STR,LYM,MUS
,BACK,LYM,NORM
,MUS,LYM,MUS
,TUM,LYM,TUM
,MUS,LYM,MUS
,TUM,LYM,TUM
,TUM,LYM,MUS
,MUC,LYM,MUS
,MUS,LYM,MUS
,MUC,LYM,MUS
,MUS,LYM,MUS
,MUC,LYM,MUS
,LYM,LYM,LYM
,NORM,LYM,LYM
,TUM,LYM,TUM
,LYM,LYM,LYM
,ADI,LYM,MUS
,BACK,LYM,MUS
,BACK,LYM,MUC
,BACK,LYM,MUS
,STR,LYM,MUS
,MUC,LYM,MUS
,BACK,LYM,NORM
,ADI,LYM,MUS
,MUC,LYM,MUS
,MUC,LYM,LYM
,ADI,LYM,MUS
,MUC,LYM,MUS
,BACK,LYM,MUS
,MUC,LYM,MUS
,TUM,LYM,TUM
,MUC,LYM,MUS
,STR,LYM,MUS
,LYM,LYM,LYM
,MUC,LYM,MUS
,MUC,LYM,MUS
,BACK,LYM,MUS
,BACK,LYM,MUS
,MUC,LYM,MUS
,TUM,LYM,TUM
,BACK,LYM,MUS
,ADI,LYM,NORM
,TUM,LYM,TUM
,ADI,LYM,MUS
,NORM,LYM,MUC
,TUM,LYM,MUS
,TUM,LYM,MUC
,ADI,LYM,MUS
,MUS,LYM,MUS
,TUM,LYM,MUS
,LYM,LYM,MUS
,STR,LYM,LYM
,DEB,LYM,MUS
,STR,LYM,MUS
,TUM,LYM,TUM
,MUS,LYM,MUS
,TUM,LYM,MUS
,MUC,LYM,MUS
,LYM,LYM,LYM
,TUM,LYM,TUM
,DEB,LYM,TUM
,TUM,LYM,TUM
,ADI,LYM,MUS
,LYM,LYM,LYM
,STR,LYM,MUS
,MUS,LYM,MUS
,MUC,LYM,MUS
,STR,LYM,MUS
,TUM,LYM,MUC
,MUC,LYM,MUS
,NORM,LYM,LYM
,NORM,LYM,MUC
,TUM,LYM,MUS
,TUM,LYM,TUM
,LYM,LYM,LYM
,MUC,LYM,MUS
,ADI,LYM,MUS
,MUC,LYM,MUS
,TUM,LYM,TUM
,ADI,LYM,MUS
,BACK,LYM,NORM
,TUM,LYM,TUM
,BACK,LYM,MUS
,MUC,LYM,MUS
,MUC,LYM,MUS
,MUC,LYM,MUS
,ADI,LYM,MUS
,MUC,LYM,MUS
,ADI,LYM,MUS
,LYM,LYM,LYM
,ADI,LYM,MUS
,TUM,LYM,TUM
,MUC,LYM,MUS
,NORM,LYM,LYM
,LYM,LYM,LYM
,BACK,LYM,MUS
,TUM,LYM,MUC
,TUM,LYM,MUC
,ADI,LYM,MUS
,BACK,LYM,MUS
,ADI,LYM,STR
,MUC,LYM,MUS
,ADI,LYM,MUS
,LYM,LYM,LYM
,TUM,LYM,TUM
,LYM,LYM,LYM
,TUM,LYM,MUS
,TUM,LYM,TUM
,BACK,LYM,NORM
,MUC,LYM,MUS
,ADI,LYM,MUS
,TUM,LYM,TUM
,MUC,LYM,MUS
,ADI,LYM,NORM
,TUM,LYM,TUM
,BACK,LYM,MUC
,TUM,LYM,TUM
,LYM,LYM,LYM
,ADI,LYM,MUS
,MUC,LYM,MUS
,NORM,LYM,LYM
,NORM,MUC,LYM
,STR,MUC,MUS
,ADI,MUC,BACK
,MUC,MUC,MUS
,MUC,MUC,MUS
,MUC,MUC,MUS
,TUM,MUC,LYM
,ADI,MUC,MUS
,ADI,MUC,MUS
,BACK,MUC,MUS
,BACK,MUC,MUS
,ADI,MUC,MUS
,MUC,MUC,MUS
,NORM,MUC,MUC
,MUC,MUC,MUS
,DEB,MUC,MUS
,MUC,MUC,MUS
,ADI,MUC,MUS
,TUM,MUC,MUS
,STR,MUC,MUS
,MUC,MUC,MUS
,MUC,MUC,MUS
,TUM,MUC,TUM
,BACK,MUC,MUS
,LYM,MUC,LYM
,MUC,MUC,MUS
,NORM,MUC,ADI
,MUS,MUC,MUS
,NORM,MUC,MUC
,ADI,MUC,MUS
,ADI,MUC,LYM
,DEB,MUC,LYM
,DEB,MUC,TUM
,BACK,MUC,MUS
,ADI,MUC,MUS
,MUS,MUC,MUS
,TUM,MUC,TUM
,BACK,MUC,NORM
,MUC,MUC,LYM
,MUS,MUC,MUS
,TUM,MUC,MUS
,ADI,MUC,MUS
,MUC,MUC,MUS
,MUC,MUC,MUS
,BACK,MUC,MUS
,LYM,MUC,LYM
,TUM,MUC,MUC
,MUC,MUC,TUM
,MUS,MUC,MUS
,DEB,MUC,TUM
,ADI,MUC,MUS
,TUM,MUC,MUS
,MUC,MUC,MUS
,TUM,MUC,MUS
,MUS,MUC,MUS
,MUC,MUC,MUS
,TUM,MUC,MUS
,TUM,MUC,TUM
,MUC,MUC,LYM
,BACK,MUC,MUS
,TUM,MUC,TUM
,MUC,MUC,TUM
,TUM,MUC,ADI
,ADI,MUC,MUS
,TUM,MUC,TUM
,TUM,MUC,TUM
,TUM,MUC,MUS
,TUM,MUC,TUM
,BACK,MUC,MUS
,ADI,MUC,MUS
,BACK,MUC,MUS
,STR,MUC,MUS
,BACK,MUC,MUS
,ADI,MUC,LYM
,MUC,MUC,MUS
,MUS,MUC,MUS
,BACK,MUC,MUS
,BACK,MUC,MUS
,BACK,MUC,MUC
,DEB,MUC,MUS
,LYM,MUC,LYM
,MUC,MUC,MUS
,NORM,MUC,LYM
,MUC,MUC,MUS
,ADI,MUC,MUS
,NORM,MUC,LYM
,ADI,MUC,MUS
,TUM,MUC,TUM
,TUM,MUC,MUC
,NORM,MUC,LYM
,MUC,MUC,MUS
,BACK,MUC,MUS
,TUM,MUC,MUS
,NORM,MUC,MUC
,NORM,MUS,MUC
,TUM,MUC,TUM
,ADI,MUC,MUS
,TUM,MUC,MUC
,ADI,MUC,MUS
,TUM,MUC,MUS
,BACK,MUC,MUC
,MUC,MUC,MUS
,MUS,MUC,MUS
,DEB,MUC,MUS
,ADI,MUC,MUS
,BACK,MUC,MUS
,TUM,MUC,TUM
,BACK,MUC,MUS
,DEB,MUC,LYM
,ADI,MUC,MUS
,TUM,MUC,MUS
,BACK,MUC,MUS
,DEB,MUC,TUM
,LYM,MUC,LYM
,BACK,MUC,MUC
,ADI,MUC,MUS
,ADI,MUC,MUS
,MUS,MUC,MUS
,TUM,MUC,TUM
,STR,MUC,LYM
,MUS,MUC,LYM
,NORM,MUC,LYM
,TUM,MUC,TUM
,MUS,MUC,MUS
,NORM,MUC,MUS
,MUS,MUC,MUS
,BACK,MUC,MUS
,BACK,MUC,NORM
,STR,MUC,MUS
,ADI,MUC,MUS
,NORM,MUC,MUC
,ADI,MUC,MUS
,BACK,MUC,MUS
,MUS,MUC,MUS
,ADI,MUC,MUS
,TUM,MUC,MUS
,NORM,MUC,LYM
,BACK,MUC,MUS
,STR,MUC,MUS
,MUC,MUC,MUS
,ADI,MUC,MUS
,MUS,MUC,MUS
,ADI,MUC,MUS
,BACK,MUC,MUS
,TUM,MUC,LYM
,MUC,MUC,MUS
,STR,MUC,LYM
,ADI,MUC,LYM
,TUM,MUC,MUC
,ADI,MUC,MUS
,ADI,MUC,MUS
,TUM,MUC,MUC
,DEB,MUC,MUS
,LYM,MUC,LYM
,ADI,MUC,MUS
,LYM,MUC,LYM
,NORM,MUC,LYM
,LYM,MUC,LYM
,ADI,MUC,MUS
,LYM,MUC,LYM
,NORM,MUC,NORM
,MUC,MUC,MUS
,NORM,MUC,LYM
,MUS,MUC,MUS
,TUM,MUC,MUS
,MUC,MUC,LYM
,BACK,MUC,MUC
,BACK,MUC,MUS
,DEB,MUC,MUS
,ADI,MUC,MUS
,MUS,MUC,MUS
,BACK,MUC,MUS
,LYM,MUC,LYM
,TUM,MUC,LYM
,NORM,MUC,LYM
,NORM,MUC,MUC
,MUC,MUC,MUS
,MUS,MUC,MUS
,STR,MUC,MUS
,LYM,MUC,LYM
,NORM,MUC,LYM
,NORM,MUC,LYM
,MUS,MUC,MUS
,MUC,MUC,MUS
,MUC,MUC,MUS
,LYM,MUC,LYM
,NORM,MUC,LYM
,TUM,MUC,MUS
,MUC,MUC,LYM
,BACK,MUC,TUM
,MUS,MUC,MUS
,MUC,MUC,MUS
,ADI,MUC,MUS
,NORM,MUC,LYM
,TUM,MUC,LYM
,ADI,MUC,MUS
,TUM,MUC,TUM
,BACK,MUC,MUS
,STR,MUC,LYM
,MUC,MUC,TUM
,ADI,MUC,MUS
,BACK,MUC,MUS
,MUC,MUC,MUS
,NORM,MUC,MUC
,MUC,MUC,MUS
,ADI,MUC,MUS
,LYM,MUC,LYM
,MUS,MUC,MUS
,TUM,MUC,LYM
,TUM,MUC,LYM
,ADI,MUC,MUS
,LYM,MUC,LYM
,TUM,MUC,MUS
,ADI,MUC,MUS
,ADI,MUC,MUS
,MUC,MUC,MUS
,LYM,MUC,LYM
,DEB,MUC,MUS
,LYM,MUC,LYM
,ADI,MUC,MUS
,LYM,MUC,LYM
,TUM,MUC,MUS
,LYM,MUC,LYM
,TUM,MUC,MUS
,MUC,MUC,MUS
,NORM,MUC,LYM
,ADI,MUC,MUS
,ADI,MUC,MUS
,ADI,MUC,MUS
,TUM,MUC,MUS
,MUS,MUC,MUS
,MUS,MUC,MUS
,STR,MUC,MUS
,ADI,MUC,MUS
,MUC,MUC,LYM
,ADI,MUC,MUS
,TUM,MUC,TUM
,ADI,MUC,MUS
,STR,MUC,LYM
,BACK,MUC,MUS
,TUM,MUC,MUS
,MUC,MUC,MUS
,MUS,MUC,MUS
,MUC,MUC,MUS
,LYM,MUC,LYM
,TUM,MUC,LYM
,ADI,MUC,LYM
,MUC,MUC,MUS
,TUM,MUC,TUM
,DEB,MUC,LYM
,STR,MUC,MUS
,ADI,MUC,MUS
,BACK,MUC,NORM
,MUC,MUC,MUS
,NORM,MUC,MUC
,LYM,MUC,LYM
,ADI,MUC,MUS
,DEB,MUC,MUS
,MUC,MUC,MUS
,BACK,MUC,NORM
,ADI,MUC,MUS
,BACK,MUC,LYM
,TUM,MUC,TUM
,MUC,ADI,MUS
,BACK,MUC,MUS
,ADI,MUC,MUS
,NORM,MUC,TUM
,TUM,MUC,TUM
,STR,MUC,TUM
,TUM,MUC,MUC
,MUC,MUC,MUS
,NORM,MUC,LYM
,BACK,MUC,MUS
,BACK,MUC,MUS
,ADI,MUC,LYM
,ADI,MUC,MUS
,MUS,MUC,LYM
,DEB,MUC,MUS
,MUC,MUC,MUS
,ADI,MUC,MUS
,TUM,MUC,LYM
,DEB,MUC,MUS
,NORM,MUC,LYM
,ADI,MUC,MUS
,TUM,MUC,MUS
,DEB,MUC,MUS
,ADI,MUC,MUS
,BACK,MUC,MUS
,MUS,MUC,MUS
,BACK,MUC,MUS
,TUM,MUC,MUS
,NORM,MUC,MUC
,ADI,MUC,MUS
,MUC,ADI,MUS
,BACK,MUC,MUS
,LYM,MUC,LYM
,TUM,MUC,MUC
,TUM,MUC,MUS
,TUM,MUC,TUM
,NORM,MUC,LYM
,MUC,MUC,MUS
,MUS,MUC,MUS
,ADI,MUC,MUS
,MUC,MUC,MUS
,MUS,MUC,MUS
,LYM,MUC,LYM
,MUC,MUC,TUM
,MUS,MUC,MUS
,ADI,MUC,MUS
,MUC,MUC,MUS
,MUC,MUC,MUS
,TUM,MUC,MUS
,MUS,MUC,MUS
,ADI,MUC,MUS
,TUM,MUC,LYM
,TUM,MUC,LYM
,TUM,MUS,MUS
,DEB,MUC,MUS
,MUC,MUC,MUC
,ADI,MUC,NORM
,TUM,MUC,MUS
,MUS,MUC,MUS
,LYM,MUC,LYM
,DEB,MUC,MUS
,NORM,MUC,MUC
,TUM,MUC,LYM
,TUM,MUC,TUM
,MUC,MUC,MUC
,BACK,MUC,MUS
,NORM,MUC,LYM
,TUM,MUC,MUC
,NORM,MUC,MUC
,NORM,MUC,LYM
,NORM,MUC,LYM
,LYM,MUC,LYM
,MUC,MUC,MUS
,TUM,MUC,MUS
,DEB,MUC,MUS
,TUM,MUC,TUM
,MUC,MUC,LYM
,TUM,MUC,TUM
,STR,MUC,MUS
,MUS,MUC,MUS
,ADI,MUC,MUS
,NORM,MUC,ADI
,ADI,MUC,NORM
,ADI,MUC,MUS
,NORM,MUC,MUC
,TUM,MUC,TUM
,DEB,MUC,TUM
,TUM,MUC,MUC
,MUC,MUC,MUS
,ADI,MUC,MUS
,ADI,MUC,MUS
,ADI,MUC,MUS
,MUC,MUC,MUS
,STR,MUC,MUS
,TUM,MUC,TUM
,ADI,MUC,MUS
,DEB,MUC,TUM
,MUC,MUC,MUS
,MUS,MUC,MUS
,MUS,MUC,MUS
,STR,MUC,MUS
,MUC,MUC,MUS
,ADI,MUC,MUS
,ADI,MUC,MUS
,TUM,MUC,MUS
,BACK,MUC,MUS
,NORM,MUC,MUC
,MUC,MUC,MUS
,LYM,MUC,LYM
,STR,MUC,LYM
,MUS,MUC,MUS
,BACK,MUC,MUS
,LYM,MUC,LYM
,ADI,MUC,MUS
,TUM,MUC,TUM
,MUC,MUC,MUS
,TUM,MUC,ADI
,TUM,MUC,MUC
,DEB,MUC,LYM
,DEB,MUC,LYM
,ADI,MUC,LYM
,DEB,MUC,MUS
,ADI,MUC,MUS
,STR,MUC,MUS
,STR,MUC,MUS
,DEB,MUC,MUS
,MUC,MUC,MUS
,TUM,MUC,ADI
,MUC,MUC,MUS
,MUC,MUC,MUS
,LYM,MUC,LYM
,NORM,MUC,LYM
,MUS,MUC,MUS
,TUM,MUC,LYM
,LYM,MUC,LYM
,MUC,MUC,MUS
,BACK,MUC,MUS
,BACK,MUC,MUS
,BACK,MUC,MUS
,TUM,MUC,TUM
,MUC,MUC,MUS
,MUC,MUC,MUS
,ADI,MUC,MUS
,TUM,MUC,MUC
,LYM,MUC,LYM
,BACK,MUC,MUS
,TUM,MUC,MUC
,MUC,MUC,MUS
,MUC,MUC,MUS
,TUM,MUC,MUS
,BACK,MUC,MUS
,TUM,MUC,TUM
,NORM,MUC,LYM
,NORM,MUC,MUC
,MUC,MUC,LYM
,MUC,MUC,MUS
,TUM,MUC,TUM
,TUM,MUC,TUM
,LYM,MUC,LYM
,TUM,MUC,TUM
,ADI,MUC,MUS
,STR,MUC,MUS
,MUC,MUC,MUS
,LYM,MUC,LYM
,NORM,MUC,MUC
,ADI,MUC,MUS
,LYM,MUC,LYM
,LYM,MUC,LYM
,MUS,MUC,MUS
,MUC,MUC,LYM
,ADI,MUC,MUS
,NORM,MUC,LYM
,STR,MUC,MUS
,STR,MUC,MUS
,LYM,MUC,LYM
,TUM,MUC,MUS
,LYM,MUC,LYM
,STR,MUC,MUS
,TUM,MUC,TUM
,TUM,MUC,MUS
,TUM,MUC,TUM
,NORM,MUC,LYM
,MUC,MUC,MUS
,ADI,MUC,MUS
,BACK,MUC,MUS
,STR,MUC,MUS
,BACK,MUC,NORM
,TUM,ADI,TUM
,NORM,MUC,LYM
,TUM,MUC,TUM
,STR,MUC,MUS
,MUS,MUC,MUS
,MUS,MUC,MUS
,BACK,MUC,MUS
,MUC,MUC,MUS
,NORM,MUC,LYM
,DEB,MUC,MUS
,MUC,MUC,MUS
,ADI,MUC,MUS
,ADI,MUC,LYM
,LYM,MUS,LYM
,NORM,MUC,MUC
,BACK,MUC,MUS
,ADI,MUC,MUS
,TUM,MUC,TUM
,MUS,MUC,MUS
,LYM,MUC,LYM
,LYM,MUC,LYM
,LYM,MUC,LYM
,MUS,MUC,MUS
,MUC,MUC,MUC
,NORM,MUC,LYM
,MUC,MUC,MUS
,MUC,MUC,MUS
,DEB,MUC,LYM
,MUS,MUC,MUS
,TUM,MUC,MUS
,ADI,MUC,MUS
,MUC,MUC,MUS
,ADI,MUC,MUS
,TUM,MUC,MUS
,LYM,MUC,LYM
,ADI,MUC,LYM
,TUM,MUC,MUS
,NORM,MUC,MUC
,LYM,MUC,LYM
,BACK,MUC,NORM
,MUC,MUC,MUS
,TUM,MUC,TUM
,ADI,MUC,MUS
,TUM,MUC,LYM
,TUM,MUC,MUS
,LYM,MUC,LYM
,ADI,MUC,BACK
,DEB,MUC,TUM
,ADI,MUC,BACK
,ADI,MUC,MUS
,MUC,MUC,MUS
,ADI,MUC,MUS
,ADI,MUC,MUS
,ADI,MUC,MUS
,ADI,MUC,MUS
,MUC,MUC,MUS
,LYM,MUC,LYM
,TUM,MUC,TUM
,NORM,MUC,MUC
,NORM,MUC,LYM
,ADI,MUC,BACK
,TUM,MUC,MUS
,LYM,MUC,LYM
,MUC,MUC,MUS
,NORM,MUC,MUC
,TUM,MUC,TUM
,MUS,MUC,MUS
,ADI,MUC,MUS
,STR,MUC,MUS
,NORM,MUC,MUC
,BACK,MUC,NORM
,MUC,MUC,MUS
,BACK,MUC,MUS
,DEB,MUC,LYM
,STR,MUC,MUS
,ADI,MUC,MUS
,NORM,MUC,MUC
,MUC,MUC,MUS
,ADI,MUC,MUS
,MUC,MUC,MUS
,ADI,MUC,NORM
,ADI,MUC,MUS
,STR,MUC,MUS
,NORM,MUC,MUS
,NORM,MUC,LYM
,TUM,MUC,LYM
,ADI,MUC,MUS
,STR,MUC,MUS
,MUS,MUC,MUS
,BACK,MUC,MUS
,MUC,MUC,MUS
,BACK,MUC,MUS
,BACK,MUC,MUS
,BACK,MUC,MUS
,TUM,ADI,TUM
,DEB,MUC,TUM
,MUC,MUC,MUS
,MUC,MUC,MUS
,ADI,MUC,MUS
,NORM,MUC,LYM
,TUM,MUC,TUM
,DEB,MUC,MUS
,TUM,MUC,MUC
,MUC,MUC,MUS
,MUS,MUC,MUS
,TUM,MUC,TUM
,ADI,MUC,MUS
,MUC,MUC,MUS
,BACK,MUC,MUS
,BACK,MUC,MUS
,MUC,MUC,MUS
,MUS,MUC,MUS
,ADI,MUC,MUS
,MUC,MUC,MUS
,ADI,MUC,MUS
,ADI,MUC,MUS
,BACK,MUC,MUS
,BACK,MUC,MUS
,TUM,MUC,TUM
,TUM,MUC,MUS
,MUS,MUC,LYM
,STR,MUC,LYM
,MUC,MUC,MUS
,TUM,MUC,MUS
,TUM,MUC,TUM
,BACK,MUC,NORM
,LYM,MUC,LYM
,TUM,MUC,TUM
,BACK,MUC,NORM
,MUC,MUC,MUS
,TUM,MUC,TUM
,LYM,MUC,LYM
,MUC,MUC,MUS
,ADI,MUC,MUS
,MUS,MUC,MUS
,TUM,MUC,TUM
,ADI,MUC,MUS
,ADI,MUC,MUS
,TUM,MUC,MUC
,MUC,MUC,MUS
,ADI,MUC,BACK
,BACK,MUC,MUS
,NORM,MUC,LYM
,LYM,MUC,LYM
,ADI,MUC,MUS
,MUC,MUC,MUS
,ADI,MUC,MUS
,TUM,MUC,MUC
,MUC,MUC,MUS
,TUM,MUC,MUS
,LYM,MUC,LYM
,NORM,MUC,MUC
,ADI,MUC,MUS
,BACK,MUC,MUS
,MUS,MUC,MUS
,DEB,MUC,TUM
,LYM,MUC,LYM
,TUM,MUC,MUS
,STR,MUC,MUS
,ADI,MUC,MUS
,ADI,MUC,MUS
,ADI,MUC,MUS
,MUC,MUC,LYM
,LYM,MUC,LYM
,LYM,MUC,LYM
,ADI,MUC,MUS
,DEB,MUC,MUS
,TUM,MUC,MUC
,STR,MUC,MUS
,TUM,MUC,MUC
,NORM,MUC,MUC
,DEB,MUC,LYM
,DEB,MUC,MUS
,ADI,MUC,MUS
,MUS,MUC,MUS
,TUM,MUC,TUM
,MUS,MUC,MUS
,LYM,MUC,LYM
,TUM,MUC,LYM
,LYM,MUC,LYM
,LYM,MUC,LYM
,MUS,MUC,MUS
,MUS,MUC,MUS
,ADI,MUC,MUS
,ADI,MUC,MUS
,STR,MUC,MUS
,ADI,MUC,MUS
,ADI,MUC,MUS
,ADI,MUC,MUS
,TUM,MUC,TUM
,NORM,MUC,MUC
,TUM,MUC,TUM
,ADI,MUC,MUS
,MUS,MUC,MUS
,BACK,MUC,NORM
,NORM,MUC,LYM
,ADI,MUC,MUS
,LYM,MUC,LYM
,NORM,MUC,MUS
,STR,MUC,MUS
,NORM,MUC,MUC
,TUM,MUC,LYM
,LYM,MUC,LYM
,NORM,MUC,LYM
,ADI,MUC,MUS
,MUC,MUC,MUS
,NORM,MUC,MUC
,STR,MUC,LYM
,ADI,NORM,MUS
,NORM,MUC,TUM
,ADI,MUC,BACK
,MUS,MUC,MUS
,ADI,MUC,MUS
,MUC,MUC,MUS
,NORM,MUC,MUC
,DEB,MUC,MUS
,NORM,MUC,TUM
,BACK,MUC,MUS
,BACK,MUC,MUS
,NORM,MUC,NORM
,LYM,MUC,LYM
,ADI,MUC,MUS
,NORM,MUC,LYM
,TUM,MUC,TUM
,MUS,MUC,MUS
,LYM,MUC,MUS
,MUC,MUC,MUS
,ADI,MUC,MUS
,ADI,MUC,MUS
,ADI,MUC,STR
,STR,MUC,MUS
,ADI,MUC,MUS
,ADI,TUM,MUS
,LYM,MUC,LYM
,BACK,MUC,MUS
,DEB,MUC,LYM
,ADI,MUC,MUS
,ADI,MUC,MUS
,ADI,MUC,MUS
,NORM,MUC,MUC
,MUS,MUC,MUS
,TUM,MUC,TUM
,BACK,MUC,MUS
,BACK,MUC,MUS
,TUM,MUC,TUM
,LYM,MUC,LYM
,TUM,MUC,LYM
,ADI,MUC,MUS
,ADI,MUC,MUS
,BACK,MUC,MUS
,TUM,MUC,TUM
,ADI,MUC,MUS
,MUC,MUC,TUM
,BACK,MUC,MUS
,ADI,MUC,NORM
,LYM,MUC,LYM
,BACK,MUC,NORM
,ADI,MUC,MUS
,MUC,MUC,LYM
,MUS,MUC,MUS
,LYM,MUC,LYM
,STR,MUC,TUM
,BACK,MUC,MUS
,NORM,MUC,MUC
,ADI,MUC,MUS
,MUC,MUC,MUS
,BACK,MUC,NORM
,BACK,MUC,NORM
,ADI,MUC,MUS
,ADI,MUC,MUS
,NORM,MUC,TUM
,BACK,ADI,MUS
,TUM,MUC,TUM
,NORM,MUC,MUC
,BACK,MUC,TUM
,LYM,MUC,LYM
,ADI,MUC,MUS
,ADI,MUC,MUS
,STR,MUC,MUS
,ADI,MUC,ADI
,LYM,MUC,LYM
,TUM,ADI,TUM
,ADI,MUC,MUS
,TUM,MUC,MUC
,TUM,MUC,MUS
,BACK,MUC,NORM
,MUS,MUC,LYM
,MUC,MUC,MUC
,MUC,MUC,MUS
,TUM,MUC,TUM
,ADI,MUC,MUS
,LYM,MUC,LYM
,ADI,MUC,MUS
,TUM,MUC,TUM
,NORM,MUC,LYM
,MUS,MUC,MUS
,LYM,MUC,LYM
,MUC,MUC,MUS
,NORM,MUC,MUC
,LYM,MUC,LYM
,MUS,MUC,MUS
,MUS,MUC,MUS
,STR,MUC,LYM
,MUS,MUC,MUS
,TUM,MUC,TUM
,BACK,MUC,MUS
,BACK,MUC,MUS
,ADI,MUC,BACK
,ADI,MUC,MUS
,LYM,MUC,LYM
,MUC,MUC,MUS
,TUM,MUC,TUM
,TUM,MUC,TUM
,ADI,MUC,MUS
,NORM,MUC,MUC
,ADI,MUC,MUS
,TUM,MUC,MUS
,LYM,MUC,LYM
,NORM,MUC,LYM
,NORM,MUC,LYM
,MUC,MUC,MUS
,MUC,MUC,MUS
,LYM,MUC,LYM
,TUM,TUM,MUC
,NORM,MUC,MUC
,TUM,MUC,MUS
,BACK,MUC,MUS
,MUC,MUC,MUC
,ADI,MUC,MUS
,ADI,MUC,MUS
,LYM,MUC,LYM
,MUC,MUC,MUS
,MUC,MUC,MUS
,LYM,MUC,LYM
,ADI,MUC,MUS
,TUM,MUC,TUM
,LYM,MUC,LYM
,NORM,MUC,MUC
,MUS,MUC,MUS
,MUC,MUC,LYM
,ADI,MUC,MUS
,ADI,MUC,MUS
,ADI,MUC,MUS
,MUC,MUC,MUS
,DEB,MUC,MUS
,STR,MUC,LYM
,STR,MUC,MUS
,NORM,MUC,LYM
,LYM,MUC,LYM
,ADI,MUC,MUS
,BACK,MUC,MUS
,MUC,MUC,MUS
,MUC,MUC,MUS
,STR,MUC,MUS
,MUS,MUC,MUS
,BACK,MUC,MUS
,TUM,MUC,MUC
,MUC,MUC,MUS
,BACK,MUC,MUS
,BACK,MUC,MUS
,BACK,MUC,MUS
,DEB,MUC,TUM
,BACK,MUC,MUS
,TUM,MUC,MUS
,MUC,MUC,MUS
,ADI,MUC,MUS
,ADI,MUC,MUS
,ADI,MUC,MUS
,LYM,MUC,LYM
,STR,MUC,LYM
,ADI,MUC,MUS
,BACK,MUC,MUS
,TUM,MUC,TUM
,ADI,MUC,LYM
,TUM,MUC,MUC
,ADI,MUC,MUS
,NORM,MUC,MUC
,ADI,MUC,MUS
,BACK,MUC,MUS
,MUC,MUC,MUS
,MUC,MUC,MUS
,STR,MUC,LYM
,LYM,MUC,LYM
,LYM,MUC,LYM
,MUC,MUC,MUC
,STR,MUC,MUS
,STR,MUC,MUS
,STR,MUC,MUS
,LYM,MUC,LYM
,MUC,MUC,MUS
,ADI,MUC,LYM
,ADI,MUC,MUS
,TUM,MUC,MUS
,TUM,MUC,MUS
,STR,MUC,LYM
,ADI,MUC,LYM
,BACK,MUC,MUS
,TUM,MUC,MUC
,STR,MUC,LYM
,BACK,MUC,MUS
,MUC,MUC,MUS
,BACK,MUC,MUS
,BACK,MUC,NORM
,ADI,MUC,MUS
,ADI,MUC,MUS
,MUS,MUC,MUS
,TUM,MUC,TUM
,ADI,MUC,MUS
,TUM,MUC,TUM
,STR,MUC,MUS
,TUM,MUC,TUM
,ADI,MUC,MUS
,LYM,MUC,LYM
,NORM,MUC,LYM
,STR,MUC,LYM
,MUS,MUC,MUS
,MUC,MUC,MUS
,MUS,MUC,MUS
,ADI,MUC,MUS
,BACK,MUC,MUS
,STR,MUC,MUS
,ADI,MUC,MUS
,BACK,MUC,MUS
,BACK,MUC,MUS
,MUS,MUC,MUS
,NORM,MUC,MUC
,BACK,MUC,MUS
,ADI,MUC,MUS
,BACK,MUC,MUS
,BACK,MUC,MUS
,ADI,MUC,MUS
,DEB,MUC,LYM
,LYM,MUC,LYM
,STR,MUC,LYM
,ADI,MUC,MUS
,MUC,MUC,MUS
,MUC,MUC,MUS
,LYM,MUC,LYM
,MUC,MUC,MUS
,MUC,MUC,MUS
,BACK,MUC,MUS
,LYM,MUC,LYM
,MUC,MUC,MUS
,TUM,MUC,MUC
,MUC,MUC,MUS
,LYM,MUC,LYM
,ADI,MUC,MUS
,MUS,MUC,MUS
,NORM,MUC,MUC
,MUS,MUC,MUS
,MUS,MUC,MUS
,NORM,MUC,MUC
,TUM,MUC,MUC
,MUC,MUC,MUS
,MUC,MUC,MUS
,NORM,MUC,MUC
,TUM,MUC,TUM
,LYM,NORM,LYM
,BACK,MUC,NORM
,ADI,MUC,STR
,MUC,MUC,MUS
,ADI,MUC,MUS
,TUM,MUC,LYM
,TUM,MUC,TUM
,LYM,MUC,LYM
,DEB,MUC,LYM
,ADI,MUC,MUS
,LYM,MUC,LYM
,TUM,MUC,MUS
,NORM,MUC,MUC
,MUC,MUC,MUS
,MUS,MUC,MUS
,MUS,MUC,MUS
,TUM,MUC,TUM
,TUM,MUC,TUM
,MUS,MUC,MUS
,MUS,MUC,MUS
,ADI,MUC,MUS
,TUM,MUC,MUC
,MUS,MUC,MUS
,TUM,MUC,TUM
,MUC,MUC,MUS
,BACK,MUC,MUS
,STR,MUC,MUS
,MUC,MUC,MUS
,TUM,MUC,MUC
,NORM,MUC,LYM
,TUM,MUC,MUS
,DEB,MUC,MUS
,TUM,MUC,MUC
,MUC,MUC,MUS
,BACK,MUC,MUS
,TUM,MUC,MUC
,ADI,MUC,MUS
,ADI,MUC,MUS
,ADI,MUC,MUS
,NORM,MUC,MUC
,TUM,MUC,TUM
,MUS,MUC,MUS
,BACK,MUC,MUS
,NORM,MUC,MUC
,TUM,MUC,TUM
,NORM,MUC,MUC
,ADI,MUC,MUS
,ADI,MUC,LYM
,ADI,MUC,MUS
,DEB,MUC,MUS
,MUC,MUC,MUS
,TUM,MUC,TUM
,ADI,MUC,MUS
,MUS,MUC,MUS
,BACK,MUC,NORM
,MUS,MUC,MUS
,DEB,MUC,MUS
,NORM,MUC,ADI
,MUC,MUC,MUS
,ADI,MUC,MUS
,BACK,MUC,MUS
,LYM,MUC,LYM
,TUM,MUC,TUM
,MUC,MUC,MUS
,BACK,MUC,MUS
,STR,MUC,MUS
,BACK,MUC,MUS
,BACK,MUC,MUC
,ADI,MUC,MUS
,MUC,MUC,MUS
,LYM,MUC,LYM
,TUM,MUC,TUM
,ADI,MUC,MUS
,TUM,MUC,TUM
,MUC,MUC,MUS
,BACK,MUC,MUS
,STR,MUC,MUS
,MUC,MUC,MUC
,MUS,MUC,MUS
,NORM,MUC,NORM
,STR,MUC,MUS
,LYM,MUC,TUM
,TUM,MUC,TUM
,ADI,MUC,MUS
,TUM,MUC,TUM
,STR,MUC,MUS
,BACK,MUC,MUS
,LYM,MUC,LYM
,TUM,MUC,TUM
,MUC,MUC,MUS
,ADI,MUC,MUS
,ADI,MUC,MUS
,STR,MUC,MUS
,MUC,MUC,LYM
,MUC,MUC,MUS
,BACK,MUC,MUC
,TUM,MUC,MUS
,MUS,MUC,MUS
,LYM,MUC,LYM
,BACK,MUC,MUS
,MUC,MUC,MUS
,NORM,MUC,TUM
,ADI,MUC,LYM
,LYM,MUC,LYM
,ADI,MUC,MUS
,MUC,MUC,MUS
,NORM,MUC,LYM
,TUM,MUC,MUS
,NORM,MUC,MUC
,NORM,MUC,MUC
,ADI,MUC,MUS
,TUM,MUC,TUM
,NORM,MUC,MUC
,ADI,MUC,MUS
,BACK,MUC,NORM
,TUM,MUC,TUM
,LYM,MUC,LYM
,STR,MUC,MUS
,LYM,MUC,LYM
,NORM,MUC,TUM
,STR,MUC,MUS
,NORM,MUC,MUC
,NORM,MUC,MUC
,MUC,MUC,MUS
,MUS,MUC,MUS
,BACK,MUC,MUS
,BACK,MUC,MUS
,BACK,MUC,MUS
,TUM,MUS,MUS
,ADI,MUS,MUS
,MUS,MUS,MUS
,BACK,MUS,MUS
,NORM,MUS,LYM
,BACK,MUS,MUS
,ADI,MUS,MUS
,TUM,MUS,MUS
,BACK,MUS,MUS
,MUC,MUS,MUS
,TUM,MUS,TUM
,MUC,STR,MUS
,ADI,MUS,MUS
,MUS,MUS,MUS
,TUM,MUS,MUS
,MUC,MUS,MUS
,TUM,MUS,MUS
,MUS,MUS,MUS
,MUC,MUS,MUS
,MUC,MUS,MUS
,BACK,MUS,MUS
,MUC,MUS,MUS
,LYM,MUS,LYM
,DEB,MUS,MUS
,TUM,MUS,TUM
,MUC,MUS,MUS
,LYM,MUS,LYM
,NORM,MUS,LYM
,DEB,MUS,MUS
,LYM,MUS,LYM
,TUM,MUS,MUS
,MUS,DEB,MUS
,MUS,MUS,MUS
,LYM,STR,LYM
,LYM,MUS,LYM
,DEB,STR,MUS
,STR,MUS,MUS
,MUS,MUS,MUS
,LYM,MUS,LYM
,DEB,STR,MUS
,ADI,MUS,MUS
,NORM,MUS,LYM
,MUS,MUS,MUS
,ADI,MUS,MUS
,BACK,MUS,MUS
,LYM,MUS,LYM
,ADI,MUS,MUS
,ADI,MUS,MUS
,TUM,MUS,TUM
,STR,MUS,MUS
,ADI,MUS,MUS
,ADI,MUS,MUS
,MUC,MUS,MUS
,TUM,MUS,TUM
,LYM,MUS,LYM
,TUM,MUS,TUM
,TUM,MUS,MUS
,BACK,MUS,MUS
,MUS,MUS,MUS
,BACK,MUS,MUS
,DEB,MUS,MUS
,TUM,MUS,TUM
,ADI,MUS,MUS
,ADI,MUS,MUS
,NORM,MUS,TUM
,BACK,MUS,MUS
,MUC,STR,MUS
,BACK,MUS,MUS
,NORM,MUS,MUS
,MUS,MUS,MUS
,STR,MUS,MUS
,MUS,MUS,MUS
,ADI,MUS,MUS
,MUC,MUS,MUS
,NORM,STR,LYM
,MUC,MUS,MUS
,TUM,MUS,MUS
,STR,STR,MUS
,MUS,STR,MUS
,NORM,DEB,LYM
,TUM,MUS,TUM
,NORM,MUS,TUM
,ADI,MUS,STR
,MUS,MUS,MUS
,TUM,MUS,TUM
,ADI,MUS,MUS
,TUM,MUS,TUM
,ADI,MUS,MUS
,TUM,MUS,MUS
,BACK,MUS,MUS
,ADI,MUS,MUS
,ADI,MUS,MUS
,TUM,MUS,TUM
,ADI,MUS,MUS
,LYM,MUS,LYM
,BACK,STR,MUS
,TUM,MUS,MUC
,MUC,MUS,MUS
,ADI,MUS,MUS
,TUM,MUS,TUM
,TUM,MUS,TUM
,ADI,MUS,MUS
,MUC,MUS,MUS
,ADI,MUS,MUS
,ADI,MUS,MUS
,MUC,MUS,MUS
,MUC,MUS,MUS
,NORM,MUS,LYM
,NORM,MUS,MUS
,MUS,MUS,MUS
,STR,MUS,MUS
,TUM,MUS,TUM
,ADI,MUS,MUS
,MUS,MUS,MUS
,DEB,DEB,MUS
,MUC,MUS,MUS
,DEB,STR,TUM
,NORM,MUS,TUM
,BACK,MUS,MUS
,BACK,MUS,NORM
,BACK,MUS,MUS
,BACK,MUS,MUS
,NORM,MUS,MUC
,ADI,MUS,MUS
,BACK,MUS,MUS
,STR,MUS,MUS
,MUC,MUS,MUS
,TUM,MUS,ADI
,MUC,MUS,MUS
,ADI,MUS,MUS
,MUS,MUS,MUS
,BACK,STR,MUC
,STR,STR,LYM
,MUS,MUS,MUS
,TUM,MUS,MUS
,BACK,MUS,MUS
,MUC,MUS,MUS
,TUM,MUS,MUC
,ADI,MUS,MUS
,MUC,MUS,MUS
,ADI,MUS,MUS
,MUC,MUS,MUS
,ADI,MUS,MUS
,ADI,MUS,MUS
,BACK,MUS,NORM
,ADI,MUS,MUS
,TUM,MUS,TUM
,MUS,MUS,MUS
,MUC,MUS,MUS
,MUC,MUS,MUS
,NORM,MUS,LYM
,STR,MUS,MUS
,NORM,MUS,LYM
,DEB,STR,MUS
,LYM,MUS,LYM
,BACK,MUS,NORM
,TUM,MUS,MUC
,ADI,MUS,MUS
,NORM,MUS,LYM
,BACK,MUS,MUS
,MUC,MUS,MUS
,ADI,MUS,MUS
,MUS,MUS,MUS
,MUS,MUS,MUS
,STR,MUS,MUS
,MUS,MUS,LYM
,NORM,MUS,LYM
,BACK,MUS,NORM
,ADI,MUS,MUS
,MUC,MUS,MUS
,NORM,MUS,MUC
,NORM,MUS,LYM
,MUC,STR,MUS
,LYM,MUS,LYM
,DEB,MUS,MUS
,MUC,MUS,MUS
,TUM,MUS,TUM
,TUM,MUS,TUM
,LYM,MUS,LYM
,ADI,MUS,MUS
,NORM,MUS,MUC
,MUS,MUS,MUS
,TUM,MUS,TUM
,ADI,MUS,MUS
,STR,MUS,LYM
,ADI,MUS,MUS
,BACK,MUS,MUS
,ADI,MUS,MUS
,BACK,MUS,MUS
,DEB,MUS,MUS
,MUS,MUS,MUS
,BACK,MUS,NORM
,DEB,MUS,MUS
,BACK,MUS,MUS
,MUC,MUS,MUS
,MUC,MUS,MUS
,ADI,MUS,MUS
,MUC,MUS,MUS
,BACK,MUS,MUS
,ADI,MUS,MUS
,MUC,MUS,MUC
,ADI,MUS,MUS
,ADI,MUS,MUS
,DEB,MUS,MUS
,ADI,MUS,MUS
,ADI,MUS,MUS
,TUM,MUS,TUM
,MUC,MUS,MUS
,DEB,MUS,TUM
,BACK,MUS,NORM
,DEB,MUS,LYM
,STR,STR,MUS
,BACK,MUS,MUS
,ADI,MUS,MUS
,BACK,MUS,MUS
,MUC,MUS,MUS
,ADI,MUS,MUS
,TUM,MUS,TUM
,TUM,MUS,MUS
,DEB,MUS,LYM
,MUS,MUS,MUS
,BACK,MUS,MUS
,DEB,MUS,MUS
,MUC,DEB,MUS
,TUM,MUS,TUM
,NORM,MUS,MUC
,MUC,MUS,LYM
,ADI,MUS,MUS
,MUS,STR,MUS
,STR,MUS,LYM
,BACK,MUS,MUS
,MUC,MUS,MUS
,TUM,MUS,TUM
,ADI,MUS,MUS
,BACK,MUS,MUS
,MUC,STR,MUS
,NORM,MUS,TUM
,TUM,MUS,MUS
,MUC,DEB,MUS
,ADI,MUS,MUS
,BACK,MUS,MUS
,NORM,MUS,LYM
,ADI,MUS,MUS
,LYM,MUS,LYM
,MUS,MUS,MUS
,BACK,MUS,NORM
,TUM,MUS,MUS
,MUS,MUS,MUS
,TUM,MUS,MUC
,NORM,STR,LYM
,NORM,MUS,MUC
,NORM,MUS,MUC
,ADI,MUS,MUS
,MUS,MUS,MUS
,ADI,MUS,MUS
,DEB,MUS,LYM
,LYM,MUS,LYM
,ADI,MUS,BACK
,NORM,MUS,MUS
,MUC,MUS,MUS
,TUM,MUS,TUM
,DEB,MUS,MUS
,ADI,MUS,MUS
,LYM,STR,LYM
,MUS,DEB,MUS
,MUC,STR,MUS
,MUS,MUS,MUS
,BACK,MUS,MUS
,BACK,MUS,MUS
,TUM,MUS,TUM
,BACK,MUS,MUS
,MUS,MUS,MUS
,DEB,MUS,MUS
,NORM,MUS,LYM
,ADI,MUS,MUS
,TUM,MUS,MUC
,ADI,MUS,MUS
,MUC,MUS,MUS
,TUM,MUS,MUS
,ADI,MUS,MUS
,ADI,MUS,MUS
,TUM,MUS,MUS
,ADI,MUS,MUS
,DEB,MUS,MUS
,LYM,STR,LYM
,ADI,MUS,MUS
,BACK,STR,MUS
,ADI,MUS,MUS
,ADI,MUS,MUS
,STR,MUS,MUS
,BACK,MUS,MUS
,TUM,MUS,TUM
,DEB,MUS,LYM
,NORM,MUS,MUC
,MUS,MUS,MUS
,NORM,MUS,LYM
,TUM,MUS,TUM
,MUC,STR,MUS
,MUC,MUS,MUS
,STR,MUS,MUS
,LYM,MUS,LYM
,NORM,MUS,ADI
,MUC,MUS,LYM
,ADI,MUS,MUS
,LYM,MUS,LYM
,TUM,MUS,MUS
,TUM,MUS,MUS
,TUM,MUS,TUM
,TUM,MUS,MUC
,MUS,STR,MUS
,NORM,MUS,MUC
,ADI,STR,MUS
,TUM,MUS,MUS
,NORM,MUS,LYM
,MUS,MUS,MUS
,DEB,MUS,MUS
,BACK,STR,MUS
,MUC,MUS,MUS
,LYM,MUS,LYM
,MUC,MUS,MUS
,NORM,MUS,LYM
,BACK,MUS,MUS
,TUM,MUS,MUS
,ADI,MUS,MUS
,DEB,MUS,MUS
,MUC,MUS,MUS
,STR,DEB,MUS
,ADI,MUS,LYM
,MUS,MUS,MUS
,ADI,MUS,MUS
,TUM,MUS,MUS
,ADI,MUS,MUS
,ADI,MUS,MUS
,LYM,MUS,LYM
,TUM,MUS,MUS
,STR,MUS,LYM
,MUC,MUS,MUS
,MUS,MUS,MUS
,LYM,MUS,LYM
,BACK,MUS,MUS
,BACK,MUS,MUS
,TUM,MUS,TUM
,TUM,MUS,MUS
,DEB,MUS,TUM
,ADI,MUS,MUS
,MUS,MUS,MUS
,TUM,STR,TUM
,ADI,MUS,MUS
,MUC,MUS,MUS
,BACK,MUS,MUS
,LYM,MUS,LYM
,ADI,MUS,NORM
,MUC,MUS,MUS
,ADI,STR,MUS
,MUS,MUS,MUS
,ADI,MUS,LYM
,TUM,MUS,MUS
,BACK,MUS,NORM
,ADI,MUS,LYM
,NORM,MUS,MUC
,MUS,MUS,MUS
,ADI,MUS,MUS
,TUM,MUS,MUC
,DEB,MUS,MUS
,ADI,MUS,MUS
,DEB,MUS,MUS
,LYM,MUS,LYM
,DEB,MUS,MUS
,BACK,MUS,MUS
,NORM,MUS,LYM
,TUM,MUS,TUM
,TUM,MUS,LYM
,MUC,MUS,LYM
,ADI,MUS,MUS
,BACK,MUS,MUS
,DEB,MUS,LYM
,MUC,MUS,MUC
,NORM,MUS,MUC
,NORM,MUS,MUC
,ADI,MUS,MUS
,BACK,MUS,MUS
,TUM,MUS,MUC
,NORM,MUS,LYM
,LYM,MUS,LYM
,BACK,MUS,MUS
,MUS,MUS,MUS
,NORM,MUS,LYM
,LYM,MUS,LYM
,BACK,MUS,NORM
,MUC,MUS,MUS
,ADI,MUS,MUS
,MUC,MUS,MUS
,TUM,MUS,TUM
,ADI,MUS,MUS
,ADI,STR,MUS
,STR,MUS,LYM
,ADI,MUS,MUS
,LYM,MUS,LYM
,TUM,MUS,MUS
,MUC,MUS,MUS
,MUC,MUS,MUS
,MUS,MUS,MUS
,MUS,STR,MUS
,LYM,MUS,LYM
,BACK,MUS,MUS
,NORM,MUS,LYM
,LYM,MUS,LYM
,NORM,MUS,MUC
,TUM,MUS,TUM
,ADI,MUS,MUS
,TUM,DEB,MUS
,NORM,MUS,MUS
,ADI,MUS,MUS
,MUC,MUS,MUS
,LYM,MUS,LYM
,MUC,MUS,MUS
,MUS,MUS,MUS
,TUM,MUS,TUM
,TUM,MUS,TUM
,NORM,MUS,LYM
,ADI,MUS,MUS
,NORM,MUS,LYM
,STR,MUS,LYM
,MUC,MUS,MUS
,ADI,MUS,MUS
,MUC,MUS,MUS
,BACK,MUS,MUC
,ADI,MUS,MUS
,STR,STR,MUS
,DEB,MUS,TUM
,MUC,MUS,MUS
,NORM,STR,LYM
,MUS,MUS,MUS
,ADI,MUS,MUS
,MUS,STR,MUS
,NORM,MUS,MUC
,TUM,MUS,MUS
,NORM,MUS,LYM
,STR,MUS,MUS
,MUS,MUS,MUS
,ADI,MUS,MUS
,MUC,MUS,MUS
,ADI,MUS,MUS
,MUC,STR,MUC
,MUC,MUS,TUM
,MUC,MUS,MUS
,LYM,MUS,LYM
,TUM,MUS,TUM
,ADI,MUS,MUS
,DEB,MUS,MUS
,NORM,MUS,LYM
,TUM,MUS,LYM
,ADI,MUS,MUS
,STR,MUS,MUS
,TUM,MUS,MUS
,LYM,MUS,LYM
,NORM,MUS,MUC
,ADI,STR,MUS
,LYM,MUS,LYM
,NORM,MUS,MUC
,TUM,MUS,MUS
,ADI,MUS,MUS
,MUC,MUS,MUS
,MUS,MUS,MUS
,LYM,STR,LYM
,BACK,MUS,MUS
,DEB,MUS,MUC
,MUS,MUS,MUS
,NORM,MUS,MUC
,NORM,MUS,MUC
,MUS,MUS,MUS
,TUM,MUS,MUS
,MUS,MUS,MUS
,BACK,MUS,NORM
,DEB,MUS,MUS
,ADI,MUS,MUS
,DEB,MUS,TUM
,TUM,MUS,LYM
,TUM,MUS,MUS
,TUM,MUS,MUC
,ADI,MUS,BACK
,NORM,STR,MUS
,ADI,MUS,MUS
,MUS,MUS,MUS
,TUM,MUS,TUM
,NORM,MUS,MUC
,MUS,MUS,MUS
,LYM,MUS,LYM
,MUC,MUS,TUM
,NORM,STR,MUS
,LYM,MUS,LYM
,DEB,MUS,LYM
,STR,MUS,MUS
,TUM,MUS,TUM
,MUC,MUS,MUS
,LYM,MUS,LYM
,ADI,MUS,MUS
,ADI,MUS,MUS
,MUC,MUS,MUS
,BACK,MUS,NORM
,MUC,MUS,MUS
,MUS,MUS,MUS
,NORM,MUS,LYM
,BACK,DEB,TUM
,TUM,MUS,MUC
,BACK,DEB,MUS
,LYM,MUS,LYM
,MUC,MUS,MUS
,ADI,MUS,MUS
,BACK,MUS,NORM
,NORM,MUS,MUC
,ADI,MUS,MUS
,TUM,MUS,TUM
,BACK,MUS,MUS
,STR,MUS,MUS
,ADI,MUS,MUS
,TUM,STR,TUM
,BACK,MUS,NORM
,MUC,MUS,MUS
,ADI,MUS,MUS
,TUM,MUS,TUM
,NORM,MUS,LYM
,TUM,MUS,MUC
,TUM,MUS,TUM
,TUM,MUS,MUS
,TUM,MUS,MUS
,NORM,MUS,MUC
,ADI,MUS,MUS
,LYM,MUS,LYM
,TUM,MUS,TUM
,STR,MUS,MUS
,TUM,MUS,TUM
,STR,MUS,LYM
,BACK,MUS,MUS
,MUC,MUS,MUS
,LYM,STR,LYM
,MUC,MUS,MUS
,NORM,MUS,LYM
,MUS,MUS,MUS
,MUS,STR,MUS
,MUC,MUS,MUS
,TUM,MUS,TUM
,ADI,MUS,MUS
,MUS,MUS,MUS
,STR,MUS,LYM
,LYM,MUS,LYM
,ADI,MUS,MUS
,LYM,MUS,LYM
,ADI,MUS,MUS
,TUM,MUS,TUM
,ADI,MUS,MUS
,DEB,MUS,MUS
,TUM,MUS,TUM
,MUS,MUS,MUS
,NORM,MUS,LYM
,ADI,MUS,MUS
,TUM,MUS,TUM
,MUC,MUS,MUS
,NORM,MUS,LYM
,LYM,MUS,LYM
,ADI,MUS,MUS
,ADI,MUS,MUS
,ADI,MUS,MUS
,LYM,MUS,LYM
,TUM,STR,MUC
,TUM,MUS,TUM
,STR,MUS,MUS
,BACK,MUS,MUS
,MUC,MUS,MUS
,TUM,MUS,TUM
,TUM,MUS,MUS
,BACK,MUS,MUS
,STR,MUS,LYM
,LYM,MUS,LYM
,BACK,MUS,NORM
,MUS,MUS,MUS
,MUC,MUS,MUS
,MUC,MUS,MUS
,MUC,STR,MUS
,MUC,MUS,MUS
,NORM,MUS,LYM
,ADI,MUS,MUS
,DEB,MUS,MUC
,TUM,MUS,NORM
,MUS,STR,MUS
,MUS,MUS,MUS
,MUC,MUS,MUS
,BACK,MUS,MUS
,LYM,MUS,LYM
,ADI,MUS,MUS
,STR,MUS,LYM
,ADI,MUS,MUS
,ADI,NORM,MUS
,ADI,NORM,MUS
,LYM,NORM,LYM
,MUC,NORM,MUS
,TUM,NORM,MUS
,MUC,NORM,MUS
,BACK,NORM,MUS
,ADI,NORM,MUS
,NORM,NORM,ADI
,ADI,NORM,MUS
,TUM,NORM,TUM
,ADI,NORM,MUS
,LYM,NORM,LYM
,MUC,NORM,MUS
,TUM,NORM,MUS
,ADI,NORM,MUS
,MUC,NORM,MUS
,MUS,NORM,MUS
,TUM,NORM,MUC
,MUS,NORM,MUS
,LYM,NORM,LYM
,ADI,NORM,MUS
,NORM,NORM,MUC
,MUC,NORM,MUS
,STR,NORM,MUS
,ADI,NORM,MUS
,STR,NORM,MUS
,ADI,NORM,MUS
,STR,NORM,MUS
,NORM,NORM,TUM
,BACK,NORM,NORM
,MUS,NORM,MUS
,LYM,NORM,LYM
,LYM,NORM,LYM
,LYM,NORM,LYM
,MUC,NORM,MUS
,STR,NORM,MUS
,BACK,NORM,MUS
,NORM,NORM,MUC
,ADI,NORM,MUS
,ADI,NORM,MUS
,NORM,NORM,MUC
,MUC,NORM,MUS
,NORM,NORM,LYM
,NORM,NORM,NORM
,NORM,NORM,MUC
,ADI,NORM,MUS
,TUM,NORM,TUM
,DEB,NORM,TUM
,BACK,NORM,NORM
,TUM,NORM,TUM
,MUC,NORM,LYM
,LYM,NORM,LYM
,ADI,NORM,MUS
,TUM,NORM,MUS
,LYM,NORM,LYM
,MUS,NORM,MUS
,ADI,NORM,MUS
,LYM,NORM,MUS
,MUS,NORM,MUS
,LYM,NORM,LYM
,NORM,NORM,LYM
,NORM,NORM,ADI
,BACK,NORM,MUS
,ADI,TUM,MUS
,TUM,NORM,TUM
,MUC,NORM,MUS
,BACK,NORM,MUS
,LYM,NORM,LYM
,BACK,NORM,MUS
,MUC,NORM,MUS
,MUS,NORM,MUS
,BACK,NORM,MUS
,MUS,NORM,LYM
,ADI,NORM,MUS
,TUM,NORM,MUC
,MUS,NORM,MUS
,TUM,NORM,LYM
,NORM,NORM,ADI
,BACK,NORM,MUC
,TUM,NORM,TUM
,MUC,NORM,MUS
,LYM,NORM,LYM
,ADI,NORM,MUS
,LYM,NORM,LYM
,MUS,NORM,MUS
,TUM,NORM,MUS
,TUM,NORM,TUM
,MUS,NORM,MUS
,LYM,NORM,LYM
,MUC,NORM,MUC
,STR,NORM,MUS
,TUM,NORM,MUS
,ADI,NORM,MUS
,STR,NORM,LYM
,TUM,NORM,MUS
,TUM,NORM,TUM
,LYM,NORM,LYM
,DEB,NORM,MUS
,TUM,NORM,LYM
,NORM,NORM,MUC
,NORM,NORM,LYM
,TUM,NORM,TUM
,BACK,NORM,MUS
,DEB,NORM,MUS
,LYM,NORM,LYM
,BACK,NORM,NORM
,BACK,NORM,MUS
,MUS,NORM,MUS
,BACK,NORM,MUS
,MUC,NORM,MUS
,STR,NORM,TUM
,ADI,NORM,MUS
,MUS,NORM,MUS
,NORM,NORM,MUC
,STR,NORM,MUS
,LYM,NORM,LYM
,MUC,NORM,MUS
,MUC,NORM,MUS
,LYM,NORM,LYM
,ADI,NORM,MUS
,ADI,NORM,STR
,LYM,NORM,LYM
,ADI,LYM,MUS
,TUM,NORM,TUM
,TUM,NORM,TUM
,BACK,NORM,MUS
,ADI,NORM,MUS
,MUS,NORM,MUS
,ADI,NORM,MUS
,TUM,NORM,TUM
,DEB,NORM,MUS
,TUM,NORM,MUC
,NORM,NORM,LYM
,TUM,NORM,TUM
,ADI,NORM,MUS
,NORM,NORM,LYM
,TUM,NORM,TUM
,BACK,NORM,MUS
,MUC,NORM,ADI
,LYM,NORM,LYM
,NORM,NORM,MUC
,NORM,NORM,MUC
,ADI,NORM,MUS
,STR,NORM,LYM
,MUS,NORM,MUS
,MUC,NORM,MUS
,BACK,NORM,MUS
,BACK,NORM,ADI
,TUM,NORM,LYM
,ADI,NORM,MUS
,BACK,NORM,MUS
,ADI,NORM,MUS
,ADI,NORM,MUS
,MUC,NORM,MUS
,LYM,NORM,LYM
,ADI,NORM,MUS
,ADI,NORM,MUS
,NORM,NORM,MUC
,MUC,NORM,MUS
,MUC,NORM,MUS
,TUM,NORM,MUS
,NORM,NORM,MUC
,MUC,NORM,MUS
,LYM,NORM,LYM
,TUM,NORM,MUS
,ADI,NORM,MUS
,BACK,NORM,MUS
,MUC,NORM,MUS
,ADI,NORM,MUS
,MUS,NORM,MUS
,MUS,NORM,MUS
,LYM,NORM,LYM
,MUS,NORM,MUS
,BACK,NORM,MUS
,STR,NORM,LYM
,NORM,NORM,MUC
,TUM,NORM,TUM
,ADI,NORM,BACK
,NORM,NORM,LYM
,MUC,NORM,MUS
,TUM,NORM,TUM
,MUC,NORM,MUS
,TUM,NORM,MUC
,BACK,NORM,MUS
,NORM,NORM,LYM
,MUC,NORM,MUS
,ADI,NORM,MUS
,NORM,NORM,MUC
,ADI,TUM,BACK
,ADI,NORM,MUS
,MUC,NORM,MUS
,BACK,NORM,NORM
,NORM,NORM,MUS
,TUM,NORM,MUS
,TUM,NORM,TUM
,MUC,NORM,MUS
,ADI,NORM,MUS
,TUM,NORM,TUM
,LYM,NORM,LYM
,DEB,NORM,LYM
,NORM,NORM,LYM
,BACK,NORM,MUS
,NORM,NORM,LYM
,NORM,NORM,MUC
,LYM,NORM,LYM
,TUM,NORM,MUS
,ADI,NORM,LYM
,BACK,NORM,MUS
,ADI,NORM,MUS
,TUM,NORM,TUM
,MUC,NORM,MUS
,TUM,NORM,MUS
,TUM,NORM,TUM
,ADI,NORM,MUS
,MUC,NORM,MUS
,DEB,NORM,TUM
,MUC,NORM,MUS
,ADI,NORM,MUS
,ADI,NORM,MUS
,ADI,NORM,MUS
,TUM,NORM,LYM
,LYM,NORM,LYM
,NORM,NORM,MUS
,LYM,NORM,LYM
,NORM,NORM,LYM
,LYM,NORM,LYM
,NORM,NORM,MUC
,LYM,NORM,LYM
,NORM,NORM,LYM
,STR,NORM,MUS
,MUC,NORM,LYM
,STR,NORM,LYM
,MUS,NORM,MUS
,MUC,NORM,MUS
,MUS,NORM,MUS
,MUS,NORM,LYM
,DEB,NORM,MUS
,NORM,NORM,MUS
,MUS,NORM,MUS
,ADI,NORM,MUS
,NORM,NORM,MUC
,ADI,NORM,MUS
,ADI,NORM,MUS
,TUM,NORM,MUS
,ADI,NORM,MUS
,LYM,NORM,LYM
,BACK,NORM,MUS
,ADI,NORM,MUS
,MUC,NORM,MUS
,MUC,NORM,MUS
,MUC,NORM,MUS
,TUM,NORM,TUM
,NORM,NORM,LYM
,NORM,NORM,MUC
,DEB,NORM,LYM
,TUM,NORM,MUS
,ADI,NORM,MUS
,MUS,NORM,MUS
,BACK,NORM,MUS
,ADI,NORM,MUS
,MUS,NORM,LYM
,MUS,NORM,MUS
,NORM,NORM,LYM
,ADI,NORM,MUS
,LYM,NORM,LYM
,STR,NORM,MUS
,TUM,NORM,LYM
,ADI,NORM,MUS
,MUC,NORM,MUS
,ADI,NORM,MUS
,DEB,NORM,MUS
,ADI,NORM,MUS
,DEB,NORM,TUM
,STR,NORM,MUS
,STR,NORM,MUS
,NORM,NORM,MUC
,DEB,NORM,MUS
,MUC,NORM,MUS
,LYM,NORM,LYM
,MUS,NORM,MUS
,ADI,NORM,MUS
,ADI,NORM,MUS
,MUC,NORM,MUS
,TUM,NORM,MUC
,ADI,NORM,MUS
,LYM,NORM,LYM
,NORM,NORM,MUC
,ADI,NORM,MUS
,TUM,NORM,TUM
,ADI,NORM,MUS
,MUS,NORM,MUS
,LYM,NORM,LYM
,TUM,NORM,MUC
,STR,NORM,MUS
,STR,NORM,MUS
,BACK,TUM,MUS
,ADI,NORM,MUS
,TUM,NORM,MUC
,MUS,NORM,MUS
,ADI,NORM,MUS
,TUM,NORM,TUM
,ADI,NORM,MUS
,TUM,NORM,TUM
,LYM,NORM,LYM
,BACK,NORM,MUS
,MUC,NORM,MUS
,BACK,NORM,MUC
,MUC,NORM,MUS
,ADI,NORM,MUS
,MUC,NORM,MUS
,MUS,NORM,MUS
,LYM,NORM,LYM
,TUM,NORM,MUC
,TUM,NORM,MUS
,BACK,NORM,MUS
,NORM,NORM,LYM
,MUS,NORM,MUS
,STR,NORM,MUS
,TUM,NORM,LYM
,STR,NORM,LYM
,DEB,NORM,LYM
,MUS,NORM,MUS
,BACK,NORM,NORM
,STR,LYM,MUS
,ADI,NORM,ADI
,DEB,NORM,MUS
,TUM,NORM,TUM
,BACK,NORM,MUS
,MUS,NORM,MUS
,TUM,NORM,TUM
,MUC,NORM,MUS
,TUM,NORM,TUM
,TUM,NORM,LYM
,NORM,NORM,MUC
,MUS,NORM,MUS
,ADI,NORM,MUS
,BACK,NORM,MUS
,BACK,NORM,MUS
,ADI,NORM,MUS
,NORM,NORM,LYM
,STR,NORM,MUS
,MUS,NORM,MUS
,BACK,NORM,MUS
,ADI,NORM,MUS
,TUM,NORM,LYM
,NORM,NORM,MUC
,LYM,NORM,LYM
,ADI,NORM,MUS
,LYM,NORM,LYM
,ADI,NORM,MUS
,BACK,NORM,TUM
,STR,NORM,MUS
,MUC,NORM,MUS
,LYM,NORM,LYM
,TUM,NORM,MUS
,NORM,NORM,LYM
,MUS,NORM,MUS
,TUM,NORM,LYM
,BACK,NORM,NORM
,MUC,NORM,MUS
,TUM,NORM,MUS
,MUS,NORM,MUS
,MUS,NORM,MUS
,LYM,NORM,LYM
,MUC,NORM,TUM
,TUM,NORM,TUM
,ADI,NORM,MUS
,NORM,NORM,MUC
,MUC,NORM,MUS
,TUM,NORM,ADI
,TUM,NORM,MUS
,ADI,NORM,MUS
,ADI,NORM,MUS
,LYM,NORM,LYM
,ADI,NORM,MUS
,NORM,NORM,LYM
,ADI,NORM,MUS
,TUM,NORM,TUM
,ADI,NORM,MUS
,DEB,NORM,LYM
,STR,NORM,MUS
,BACK,NORM,MUS
,TUM,NORM,TUM
,STR,NORM,LYM
,NORM,NORM,LYM
,LYM,NORM,LYM
,LYM,NORM,LYM
,DEB,NORM,MUS
,ADI,NORM,ADI
,STR,NORM,MUS
,BACK,NORM,NORM
,ADI,NORM,MUS
,BACK,NORM,MUS
,TUM,NORM,TUM
,LYM,NORM,LYM
,MUC,NORM,MUS
,NORM,NORM,LYM
,TUM,NORM,TUM
,MUS,NORM,MUS
,MUC,NORM,TUM
,NORM,NORM,MUC
,LYM,NORM,LYM
,ADI,NORM,MUS
,ADI,NORM,MUS
,ADI,NORM,MUS
,BACK,NORM,BACK
,NORM,NORM,NORM
,ADI,NORM,MUS
,MUS,NORM,LYM
,ADI,NORM,BACK
,BACK,NORM,MUS
,DEB,NORM,MUS
,MUS,NORM,MUS
,LYM,NORM,LYM
,TUM,NORM,MUC
,ADI,NORM,MUS
,STR,NORM,MUS
,MUC,NORM,LYM
,ADI,NORM,MUS
,MUS,NORM,MUS
,MUC,NORM,MUS
,NORM,NORM,LYM
,MUS,NORM,MUS
,BACK,NORM,NORM
,BACK,NORM,MUS
,BACK,NORM,MUC
,BACK,NORM,MUS
,MUC,NORM,MUS
,TUM,NORM,TUM
,ADI,NORM,MUS
,MUC,NORM,MUS
,MUC,NORM,MUS
,ADI,NORM,MUS
,DEB,TUM,MUS
,MUS,NORM,MUS
,MUC,NORM,MUS
,ADI,NORM,MUS
,ADI,NORM,NORM
,ADI,TUM,MUS
,MUC,NORM,MUS
,DEB,NORM,LYM
,ADI,NORM,MUS
,TUM,NORM,MUS
,TUM,TUM,TUM
,LYM,NORM,LYM
,STR,NORM,MUS
,ADI,NORM,MUS
,NORM,NORM,LYM
,TUM,NORM,ADI
,BACK,NORM,MUS
,STR,NORM,LYM
,ADI,NORM,MUS
,ADI,NORM,MUS
,MUC,NORM,MUS
,LYM,NORM,LYM
,BACK,NORM,MUS
,MUC,NORM,MUS
,BACK,NORM,MUS
,BACK,NORM,MUS
,ADI,NORM,MUS
,MUS,NORM,MUS
,TUM,NORM,LYM
,MUS,TUM,MUS
,TUM,NORM,LYM
,TUM,NORM,TUM
,MUC,NORM,MUS
,TUM,NORM,TUM
,STR,NORM,MUS
,NORM,NORM,MUC
,ADI,NORM,MUS
,LYM,NORM,LYM
,DEB,NORM,MUS
,LYM,NORM,LYM
,STR,NORM,MUS
,MUS,NORM,MUS
,ADI,NORM,MUS
,ADI,NORM,MUS
,MUS,NORM,MUS
,BACK,NORM,MUS
,ADI,NORM,MUS
,TUM,NORM,TUM
,DEB,NORM,TUM
,TUM,NORM,TUM
,BACK,NORM,MUS
,BACK,NORM,MUS
,MUS,NORM,MUS
,DEB,NORM,MUS
,LYM,NORM,LYM
,LYM,NORM,LYM
,ADI,NORM,LYM
,MUC,NORM,LYM
,TUM,NORM,TUM
,NORM,NORM,LYM
,STR,NORM,MUS
,BACK,NORM,MUS
,ADI,TUM,MUS
,TUM,NORM,LYM
,ADI,NORM,STR
,ADI,NORM,NORM
,NORM,NORM,LYM
,BACK,NORM,MUS
,MUS,NORM,LYM
,DEB,NORM,TUM
,LYM,NORM,LYM
,MUC,NORM,MUS
,STR,NORM,MUS
,TUM,NORM,TUM
,BACK,NORM,NORM
,MUC,NORM,MUS
,STR,NORM,MUS
,BACK,NORM,NORM
,BACK,NORM,MUS
,BACK,NORM,MUS
,MUC,NORM,MUS
,MUC,NORM,MUS
,TUM,NORM,TUM
,NORM,NORM,MUC
,MUS,NORM,MUS
,MUC,NORM,LYM
,DEB,NORM,MUS
,STR,NORM,LYM
,ADI,NORM,MUS
,ADI,NORM,BACK
,BACK,NORM,MUS
,MUS,NORM,MUS
,TUM,NORM,LYM
,LYM,NORM,LYM
,LYM,NORM,LYM
,MUC,NORM,MUS
,TUM,NORM,MUS
,TUM,NORM,TUM
,BACK,NORM,MUS
,NORM,NORM,MUS
,NORM,NORM,LYM
,MUC,NORM,LYM
,TUM,NORM,TUM
,MUC,NORM,MUS
,MUC,NORM,MUS
,MUC,NORM,MUS
,MUC,NORM,MUS
,MUC,NORM,MUS
,BACK,NORM,NORM
,STR,NORM,MUS
,BACK,NORM,MUS
,DEB,NORM,LYM
,TUM,NORM,ADI
,BACK,NORM,MUC
,BACK,NORM,MUS
,TUM,NORM,TUM
,MUC,NORM,MUS
,MUS,NORM,MUS
,ADI,NORM,MUS
,MUC,NORM,MUS
,TUM,NORM,TUM
,MUS,NORM,MUS
,BACK,NORM,NORM
,MUS,NORM,MUS
,MUC,TUM,MUS
,MUC,NORM,MUS
,NORM,NORM,MUC
,DEB,NORM,TUM
,LYM,NORM,LYM
,STR,NORM,LYM
,MUS,NORM,MUS
,TUM,NORM,MUS
,STR,NORM,MUS
,BACK,NORM,MUS
,MUC,NORM,MUS
,ADI,NORM,MUS
,NORM,NORM,LYM
,NORM,NORM,MUC
,ADI,NORM,LYM
,TUM,NORM,MUS
,NORM,NORM,LYM
,MUC,NORM,MUS
,TUM,NORM,TUM
,TUM,NORM,TUM
,BACK,NORM,MUC
,TUM,NORM,MUS
,TUM,NORM,MUS
,LYM,NORM,LYM
,MUC,NORM,MUS
,TUM,NORM,TUM
,ADI,NORM,MUS
,DEB,NORM,MUS
,MUC,NORM,MUS
,TUM,NORM,MUC
,BACK,NORM,MUS
,ADI,NORM,MUS
,MUS,NORM,MUS
,MUS,NORM,TUM
,MUC,NORM,MUS
,TUM,NORM,MUS
,MUC,NORM,MUS
,LYM,NORM,LYM
,MUC,NORM,MUS
,LYM,NORM,LYM
,TUM,NORM,LYM
,ADI,NORM,MUS
,TUM,NORM,MUS
,DEB,NORM,MUS
,TUM,NORM,TUM
,TUM,NORM,MUS
,MUC,NORM,MUS
,TUM,NORM,TUM
,MUS,NORM,MUS
,BACK,NORM,MUS
,MUS,NORM,MUS
,MUS,NORM,MUS
,STR,NORM,MUS
,TUM,NORM,TUM
,DEB,NORM,MUS
,ADI,NORM,MUS
,NORM,NORM,LYM
,TUM,NORM,MUS
,MUS,NORM,MUS
,ADI,NORM,MUS
,TUM,NORM,MUS
,LYM,NORM,LYM
,NORM,NORM,LYM
,NORM,NORM,MUS
,NORM,TUM,LYM
,TUM,NORM,LYM
,BACK,NORM,MUS
,MUC,NORM,MUS
,TUM,NORM,TUM
,ADI,NORM,MUS
,ADI,NORM,LYM
,ADI,NORM,MUS
,MUC,NORM,MUS
,BACK,NORM,MUS
,NORM,NORM,MUS
,LYM,TUM,LYM
,TUM,NORM,MUS
,TUM,NORM,TUM
,ADI,NORM,MUS
,LYM,NORM,LYM
,ADI,NORM,NORM
,NORM,NORM,LYM
,MUS,NORM,MUS
,ADI,NORM,MUS
,ADI,NORM,MUS
,MUC,NORM,MUS
,TUM,NORM,TUM
,MUC,NORM,MUS
,LYM,NORM,LYM
,NORM,NORM,MUC
,ADI,NORM,MUS
,MUS,NORM,MUS
,BACK,NORM,NORM
,TUM,NORM,TUM
,STR,NORM,LYM
,MUC,NORM,MUS
,TUM,NORM,TUM
,LYM,NORM,LYM
,ADI,NORM,MUS
,TUM,NORM,MUS
,MUC,NORM,MUS
,TUM,NORM,MUS
,STR,NORM,MUS
,MUC,NORM,MUS
,ADI,NORM,MUS
,STR,NORM,MUS
,DEB,NORM,TUM
,BACK,NORM,NORM
,BACK,NORM,MUS
,TUM,NORM,ADI
,MUC,NORM,MUS
,LYM,NORM,LYM
,TUM,NORM,MUC
,NORM,NORM,MUS
,ADI,NORM,MUS
,BACK,NORM,NORM
,ADI,NORM,MUS
,MUC,NORM,MUS
,BACK,NORM,NORM
,STR,NORM,MUS
,MUC,NORM,MUS
,ADI,NORM,MUS
,MUC,NORM,MUS
,DEB,NORM,MUS
,MUS,NORM,MUS
,ADI,NORM,MUS
,MUS,NORM,MUS
,ADI,NORM,ADI
,ADI,NORM,MUS
,BACK,NORM,MUS
,LYM,NORM,LYM
,MUS,NORM,MUS
,MUS,NORM,MUS
,BACK,NORM,TUM
,MUC,NORM,MUS
,MUC,NORM,MUS
,NORM,NORM,MUC
,MUC,NORM,LYM
,BACK,NORM,MUS
,NORM,NORM,MUC
,BACK,NORM,NORM
,LYM,NORM,LYM
,ADI,NORM,MUS
,MUS,NORM,MUS
,BACK,NORM,MUS
,ADI,TUM,MUS
,MUC,NORM,MUS
,BACK,NORM,MUS
,ADI,NORM,BACK
,DEB,NORM,TUM
,BACK,NORM,MUS
,ADI,NORM,MUS
,TUM,NORM,MUC
,TUM,NORM,MUS
,TUM,NORM,TUM
,ADI,NORM,MUS
,LYM,NORM,LYM
,BACK,NORM,MUS
,ADI,NORM,MUS
,TUM,NORM,TUM
,TUM,NORM,TUM
,ADI,NORM,MUS
,DEB,NORM,MUS
,MUS,NORM,MUS
,BACK,NORM,MUS
,ADI,NORM,MUS
,BACK,NORM,MUS
,STR,NORM,MUS
,MUC,NORM,MUS
,NORM,NORM,TUM
,TUM,NORM,MUS
,MUS,NORM,MUS
,STR,NORM,MUS
,MUC,NORM,MUS
,STR,NORM,LYM
,ADI,NORM,MUS
,ADI,NORM,MUS
,LYM,NORM,LYM
,LYM,NORM,LYM
,STR,NORM,MUS
,MUS,NORM,MUS
,TUM,NORM,MUS
,BACK,NORM,MUS
,ADI,STR,MUS
,BACK,STR,MUS
,ADI,STR,MUS
,BACK,MUS,MUS
,LYM,STR,LYM
,BACK,STR,MUS
,MUC,STR,MUS
,TUM,STR,MUS
,ADI,STR,MUS
,MUS,STR,MUS
,ADI,MUS,LYM
,TUM,STR,MUC
,MUC,STR,MUS
,MUS,STR,MUS
,TUM,STR,TUM
,BACK,MUS,MUC
,MUC,STR,MUS
,LYM,STR,LYM
,MUC,STR,MUS
,NORM,STR,LYM
,MUS,STR,MUS
,TUM,STR,TUM
,MUS,STR,MUS
,TUM,STR,MUS
,MUC,STR,MUS
,ADI,STR,MUS
,DEB,STR,MUS
,MUS,STR,MUS
,MUS,STR,MUS
,BACK,MUS,MUS
,BACK,STR,NORM
,BACK,STR,MUS
,NORM,STR,MUC
,LYM,STR,LYM
,TUM,STR,MUS
,LYM,MUS,LYM
,MUS,STR,MUS
,LYM,STR,LYM
,BACK,STR,MUS
,BACK,STR,MUC
,MUC,STR,LYM
,TUM,MUS,TUM
,ADI,STR,MUS
,NORM,STR,LYM
,ADI,STR,MUS
,LYM,STR,LYM
,TUM,STR,MUS
,TUM,STR,MUS
,LYM,STR,LYM
,ADI,STR,MUS
,NORM,STR,LYM
,STR,STR,MUS
,MUC,TUM,MUS
,MUC,STR,MUS
,NORM,STR,MUC
,MUS,STR,MUS
,ADI,STR,MUS
,ADI,STR,MUS
,MUC,STR,MUS
,TUM,STR,MUC
,MUC,STR,MUS
,ADI,STR,MUS
,MUC,STR,MUS
,LYM,STR,LYM
,BACK,STR,MUS
,TUM,STR,MUS
,MUS,STR,MUS
,NORM,STR,LYM
,DEB,STR,MUS
,STR,STR,MUS
,DEB,STR,MUS
,TUM,STR,MUS
,DEB,STR,LYM
,ADI,MUS,MUS
,ADI,STR,MUS
,TUM,STR,TUM
,ADI,STR,MUS
,ADI,STR,MUS
,NORM,STR,LYM
,ADI,STR,MUS
,LYM,MUS,LYM
,MUS,STR,MUS
,NORM,STR,MUC
,BACK,MUS,MUS
,MUS,MUS,MUS
,MUS,STR,MUS
,MUC,STR,MUS
,NORM,STR,LYM
,NORM,STR,LYM
,MUC,STR,MUS
,NORM,STR,LYM
,MUC,STR,MUS
,MUC,STR,MUS
,ADI,STR,MUS
,TUM,STR,MUS
,TUM,STR,TUM
,TUM,STR,MUC
,ADI,STR,MUS
,MUS,STR,MUS
,BACK,STR,MUS
,ADI,STR,MUS
,BACK,STR,MUS
,MUC,MUS,MUS
,TUM,STR,MUS
,DEB,STR,TUM
,ADI,STR,MUS
,MUS,MUS,MUS
,DEB,STR,TUM
,MUS,STR,MUS
,DEB,STR,TUM
,NORM,STR,LYM
,BACK,STR,MUS
,BACK,STR,MUS
,TUM,STR,MUC
,MUC,STR,MUS
,MUC,STR,MUS
,BACK,STR,MUS
,MUC,STR,MUS
,TUM,STR,MUS
,BACK,MUS,MUS
,TUM,STR,TUM
,MUC,STR,MUS
,NORM,STR,LYM
,DEB,STR,MUS
,STR,STR,LYM
,TUM,STR,TUM
,MUS,STR,MUS
,LYM,STR,LYM
,BACK,STR,NORM
,ADI,STR,MUS
,TUM,STR,LYM
,TUM,STR,MUC
,ADI,STR,MUS
,NORM,STR,LYM
,MUC,STR,MUS
,BACK,STR,MUS
,NORM,DEB,MUC
,ADI,STR,MUS
,ADI,STR,MUS
,MUC,STR,MUS
,STR,STR,MUS
,MUC,STR,MUS
,MUC,MUS,MUS
,ADI,MUS,MUS
,TUM,STR,TUM
,STR,MUS,LYM
,TUM,STR,MUS
,ADI,MUS,MUS
,ADI,STR,MUS
,NORM,MUS,MUC
,MUC,STR,MUS
,MUC,STR,MUS
,BACK,STR,NORM
,BACK,STR,MUS
,NORM,STR,LYM
,LYM,STR,LYM
,NORM,STR,NORM
,NORM,STR,LYM
,ADI,STR,MUS
,MUC,STR,MUS
,LYM,STR,LYM
,BACK,DEB,MUS
,NORM,STR,MUC
,ADI,STR,MUS
,ADI,STR,MUS
,ADI,STR,MUS
,MUC,STR,MUS
,BACK,STR,MUS
,BACK,STR,MUS
,MUC,MUS,TUM
,TUM,STR,MUC
,MUS,STR,MUS
,ADI,STR,BACK
,LYM,STR,LYM
,STR,STR,LYM
,STR,STR,TUM
,MUS,MUS,MUS
,BACK,STR,MUS
,BACK,DEB,MUS
,MUC,STR,MUS
,TUM,STR,LYM
,ADI,STR,MUS
,MUS,STR,MUS
,NORM,STR,LYM
,BACK,STR,MUS
,MUC,STR,MUS
,MUS,STR,MUS
,MUS,MUS,MUS
,ADI,STR,MUS
,TUM,STR,TUM
,LYM,MUS,LYM
,MUC,STR,MUC
,NORM,STR,TUM
,MUS,STR,MUS
,MUS,STR,MUS
,BACK,STR,MUS
,ADI,STR,MUS
,ADI,STR,MUS
,TUM,STR,MUS
,ADI,STR,MUS
,MUC,STR,MUS
,ADI,STR,MUS
,MUS,STR,LYM
,NORM,STR,MUC
,MUC,STR,MUS
,TUM,STR,TUM
,NORM,STR,LYM
,NORM,STR,LYM
,DEB,STR,TUM
,NORM,MUS,NORM
,MUC,STR,MUS
,NORM,STR,MUS
,MUS,STR,MUS
,NORM,STR,LYM
,DEB,STR,LYM
,TUM,STR,MUS
,MUC,STR,MUS
,NORM,STR,MUC
,STR,MUS,MUS
,BACK,STR,MUS
,ADI,STR,MUS
,BACK,STR,MUS
,ADI,STR,MUS
,BACK,STR,MUS
,ADI,STR,LYM
,LYM,NORM,LYM
,ADI,STR,MUS
,DEB,TUM,MUS
,ADI,STR,MUS
,NORM,STR,MUC
,MUC,STR,TUM
,LYM,STR,LYM
,MUC,MUS,MUS
,ADI,STR,MUS
,MUS,STR,MUS
,ADI,STR,MUS
,LYM,STR,LYM
,MUC,STR,MUS
,ADI,STR,MUS
,ADI,STR,STR
,BACK,STR,MUC
,LYM,STR,LYM
,ADI,STR,MUS
,MUC,STR,LYM
,ADI,STR,MUS
,LYM,STR,LYM
,MUS,STR,MUS
,MUC,STR,MUS
,ADI,MUC,MUS
,ADI,STR,MUS
,MUC,DEB,MUS
,NORM,STR,MUC
,ADI,STR,MUS
,DEB,STR,MUS
,BACK,STR,MUS
,TUM,MUS,MUC
,TUM,STR,TUM
,ADI,MUS,BACK
,TUM,STR,MUC
,MUC,STR,MUS
,MUC,STR,MUS
,NORM,MUS,ADI
,MUC,STR,MUS
,MUC,STR,MUS
,BACK,STR,MUS
,TUM,STR,TUM
,ADI,STR,MUS
,MUC,STR,MUS
,ADI,STR,MUS
,STR,STR,MUS
,STR,STR,MUS
,MUC,STR,MUS
,MUS,STR,MUS
,STR,STR,LYM
,TUM,STR,LYM
,MUS,STR,MUS
,TUM,STR,TUM
,TUM,STR,MUS
,TUM,STR,MUS
,ADI,STR,MUS
,BACK,STR,MUS
,TUM,STR,TUM
,BACK,STR,MUS
,DEB,STR,MUS
,MUS,STR,MUS
,BACK,MUS,MUS
,MUC,STR,MUS
,NORM,MUS,TUM
,LYM,STR,LYM
,STR,STR,MUS
,STR,STR,MUS
,DEB,STR,LYM
,MUC,STR,MUS
,DEB,STR,LYM
,NORM,STR,LYM
,ADI,STR,MUS
,TUM,STR,TUM
,TUM,STR,TUM
,ADI,MUS,MUS
,STR,MUS,MUS
,BACK,STR,MUS
,MUS,MUS,MUS
,TUM,STR,MUS
,TUM,STR,TUM
,LYM,STR,LYM
,BACK,STR,NORM
,TUM,STR,TUM
,ADI,MUS,MUS
,MUC,STR,MUS
,ADI,STR,MUS
,TUM,MUS,TUM
,NORM,MUS,LYM
,MUS,MUS,MUS
,ADI,STR,MUS
,BACK,MUS,MUS
,ADI,STR,MUS
,MUC,STR,MUS
,TUM,MUS,MUS
,TUM,STR,TUM
,TUM,MUS,TUM
,MUS,STR,MUS
,TUM,STR,MUS
,LYM,MUS,LYM
,TUM,STR,TUM
,BACK,STR,MUS
,ADI,STR,MUS
,MUC,STR,MUS
,BACK,STR,NORM
,TUM,STR,MUC
,MUS,STR,MUS
,MUC,STR,MUS
,LYM,STR,LYM
,ADI,STR,MUS
,TUM,MUS,TUM
,LYM,STR,LYM
,LYM,STR,LYM
,MUS,STR,MUS
,ADI,MUS,MUS
,BACK,DEB,MUS
,ADI,STR,MUS
,TUM,STR,TUM
,DEB,STR,MUS
,BACK,STR,NORM
,TUM,MUS,MUS
,ADI,STR,MUS
,BACK,STR,MUS
,TUM,STR,TUM
,MUC,STR,MUS
,BACK,STR,NORM
,LYM,STR,LYM
,STR,STR,LYM
,LYM,STR,LYM
,STR,MUS,MUS
,NORM,STR,LYM
,LYM,MUS,LYM
,TUM,STR,TUM
,MUC,TUM,MUS
,LYM,STR,LYM
,STR,MUS,MUS
,MUC,STR,MUS
,BACK,STR,MUS
,BACK,MUS,NORM
,TUM,MUS,MUS
,STR,STR,LYM
,TUM,STR,TUM
,MUC,MUS,MUS
,MUS,STR,MUS
,LYM,STR,LYM
,LYM,STR,LYM
,MUS,STR,MUS
,NORM,STR,MUC
,STR,STR,MUS
,NORM,STR,LYM
,NORM,MUS,LYM
,MUS,STR,MUS
,ADI,STR,MUS
,MUC,STR,MUS
,ADI,STR,MUS
,MUC,STR,MUS
,LYM,STR,LYM
,MUC,STR,MUC
,ADI,STR,MUS
,MUC,TUM,MUS
,TUM,MUS,TUM
,TUM,STR,MUS
,TUM,STR,TUM
,TUM,MUS,MUC
,ADI,STR,MUS
,ADI,STR,MUS
,MUC,STR,MUS
,TUM,STR,TUM
,MUC,MUS,MUS
,TUM,STR,TUM
,TUM,STR,MUC
,NORM,STR,LYM
,LYM,MUS,LYM
,ADI,STR,MUS
,ADI,STR,MUS
,TUM,STR,MUC
,BACK,STR,MUS
,ADI,MUS,STR
,MUS,MUS,MUS
,MUC,STR,MUS
,NORM,STR,LYM
,MUC,STR,LYM
,BACK,STR,MUS
,NORM,STR,MUC
,LYM,STR,LYM
,NORM,STR,MUC
,DEB,STR,MUS
,ADI,STR,LYM
,ADI,MUS,MUS
,DEB,STR,MUS
,STR,STR,LYM
,MUS,STR,MUS
,NORM,STR,LYM
,STR,STR,MUS
,MUC,MUS,MUS
,NORM,STR,LYM
,LYM,STR,LYM
,ADI,STR,MUS
,MUC,TUM,MUS
,STR,TUM,MUS
,MUC,TUM,TUM
,ADI,TUM,STR
,TUM,TUM,LYM
,DEB,TUM,MUS
,BACK,TUM,MUS
,MUS,TUM,MUS
,MUC,TUM,MUS
,MUC,TUM,MUS
,ADI,TUM,MUS
,DEB,TUM,MUS
,STR,TUM,MUS
,TUM,TUM,TUM
,MUC,TUM,MUS
,TUM,TUM,TUM
,STR,TUM,MUS
,ADI,TUM,MUS
,LYM,TUM,LYM
,BACK,TUM,NORM
,MUC,TUM,MUS
,BACK,TUM,MUS
,LYM,TUM,LYM
,ADI,TUM,MUS
,BACK,TUM,MUC
,LYM,TUM,LYM
,ADI,TUM,LYM
,ADI,TUM,MUS
,STR,TUM,TUM
,NORM,TUM,LYM
,MUS,TUM,MUS
,MUC,TUM,MUS
,ADI,TUM,NORM
,LYM,TUM,LYM
,MUC,TUM,TUM
,BACK,TUM,MUS
,NORM,TUM,ADI
,MUC,TUM,MUS
,TUM,TUM,LYM
,LYM,TUM,LYM
,LYM,TUM,LYM
,LYM,TUM,LYM
,TUM,TUM,MUC
,TUM,TUM,TUM
,MUC,TUM,MUS
,ADI,TUM,MUS
,BACK,NORM,ADI
,TUM,TUM,TUM
,ADI,TUM,MUS
,MUS,TUM,MUS
,NORM,TUM,MUC
,BACK,TUM,MUS
,BACK,TUM,MUC
,MUS,TUM,LYM
,NORM,TUM,LYM
,ADI,TUM,MUS
,ADI,TUM,MUS
,LYM,TUM,LYM
,NORM,TUM,MUC
,TUM,TUM,MUS
,NORM,TUM,LYM
,DEB,TUM,MUS
,LYM,TUM,LYM
,ADI,TUM,MUS
,LYM,TUM,LYM
,ADI,TUM,BACK
,LYM,TUM,LYM
,MUC,TUM,MUS
,ADI,TUM,MUS
,ADI,TUM,MUS
,NORM,TUM,MUC
,ADI,TUM,MUS
,TUM,TUM,TUM
,MUS,TUM,MUS
,MUC,TUM,MUS
,MUC,TUM,TUM
,NORM,TUM,MUC
,MUC,TUM,TUM
,MUC,TUM,MUS
,MUC,NORM,MUS
,NORM,TUM,MUC
,TUM,TUM,TUM
,TUM,TUM,TUM
,DEB,TUM,MUS
,TUM,TUM,TUM
,NORM,TUM,LYM
,NORM,TUM,MUC
,ADI,TUM,MUS
,MUS,TUM,MUS
,ADI,TUM,MUS
,TUM,TUM,TUM
,MUC,TUM,MUS
,ADI,TUM,BACK
,ADI,NORM,MUS
,BACK,TUM,NORM
,MUC,TUM,LYM
,MUS,TUM,MUS
,DEB,TUM,MUS
,STR,TUM,MUS
,DEB,TUM,LYM
,LYM,TUM,LYM
,TUM,TUM,LYM
,TUM,TUM,LYM
,TUM,TUM,TUM
,STR,TUM,MUS
,MUS,TUM,MUS
,LYM,TUM,LYM
,LYM,TUM,LYM
,LYM,TUM,LYM
,BACK,TUM,MUS
,BACK,TUM,MUS
,ADI,TUM,MUS
,LYM,TUM,LYM
,BACK,TUM,MUC
,BACK,TUM,MUS
,STR,TUM,MUS
,NORM,TUM,LYM
,MUS,TUM,MUS
,MUS,TUM,MUS
,DEB,TUM,MUS
,STR,TUM,TUM
,TUM,TUM,MUS
,ADI,TUM,MUS
,ADI,TUM,MUS
,MUS,TUM,MUS
,ADI,TUM,MUS
,ADI,TUM,MUS
,LYM,TUM,LYM
,MUC,TUM,MUS
,ADI,TUM,MUS
,STR,TUM,MUS
,LYM,TUM,TUM
,ADI,TUM,MUS
,MUC,TUM,MUS
,MUC,TUM,MUS
,TUM,TUM,TUM
,MUS,TUM,MUS
,MUC,TUM,MUS
,BACK,TUM,NORM
,TUM,TUM,TUM
,MUC,TUM,MUS
,NORM,TUM,LYM
,ADI,TUM,MUS
,NORM,TUM,MUC
,NORM,TUM,MUC
,LYM,TUM,LYM
,TUM,TUM,MUS
,NORM,TUM,MUC
,BACK,TUM,MUS
,BACK,TUM,MUS
,DEB,TUM,MUS
,LYM,TUM,LYM
,ADI,TUM,MUS
,TUM,TUM,MUS
,ADI,TUM,MUS
,MUS,TUM,MUS
,BACK,TUM,MUS
,MUS,TUM,MUS
,BACK,TUM,MUS
,ADI,TUM,MUS
,STR,TUM,MUS
,MUC,TUM,MUS
,TUM,TUM,TUM
,ADI,TUM,MUS
,MUC,TUM,MUS
,TUM,TUM,TUM
,TUM,TUM,MUS
,MUC,TUM,MUS
,MUS,TUM,MUS
,MUC,TUM,MUS
,MUC,TUM,MUS
,BACK,TUM,MUC
,TUM,TUM,TUM
,BACK,TUM,MUS
,ADI,TUM,MUS
,ADI,TUM,MUS
,ADI,TUM,MUS
,ADI,TUM,MUS
,TUM,TUM,MUS
,STR,TUM,LYM
,NORM,TUM,MUC
,TUM,TUM,MUC
,BACK,TUM,MUS
,BACK,TUM,MUS
,STR,TUM,MUS
,ADI,TUM,MUS
,MUC,TUM,MUS
,MUC,TUM,MUS
,MUC,TUM,MUS
,MUS,TUM,MUS
,TUM,TUM,BACK
,MUC,TUM,LYM
,LYM,TUM,LYM
,MUC,TUM,MUC
,STR,TUM,MUS
,ADI,TUM,MUS
,LYM,TUM,LYM
,MUC,NORM,MUS
,ADI,TUM,MUS
,MUS,TUM,MUS
,NORM,TUM,MUC
,TUM,TUM,TUM
,STR,TUM,MUS
,TUM,TUM,TUM
,MUC,TUM,MUS
,LYM,TUM,LYM
,NORM,TUM,LYM
,MUS,TUM,MUS
,TUM,TUM,TUM
,ADI,TUM,MUS
,LYM,TUM,LYM
,ADI,TUM,MUS
,ADI,TUM,MUS
,DEB,TUM,MUS
,MUC,TUM,MUS
,STR,TUM,MUS
,MUC,TUM,MUS
,ADI,TUM,MUS
,STR,TUM,MUS
,ADI,TUM,MUS
,NORM,TUM,LYM
,ADI,TUM,MUS
,MUC,TUM,MUS
,ADI,TUM,STR
,STR,TUM,MUS
,LYM,TUM,LYM
,LYM,TUM,LYM
,TUM,TUM,MUS
,MUC,TUM,MUS
,BACK,TUM,NORM
,STR,TUM,TUM
,LYM,TUM,LYM
,NORM,TUM,LYM
,TUM,TUM,MUC
,TUM,TUM,TUM
,ADI,TUM,MUS
,DEB,TUM,MUS
,LYM,TUM,LYM
,LYM,TUM,LYM
,ADI,TUM,MUS
,ADI,TUM,MUS
,ADI,TUM,MUS
,TUM,TUM,TUM
,TUM,TUM,LYM
,STR,TUM,LYM
,NORM,TUM,LYM
,MUC,TUM,MUS
,ADI,TUM,MUS
,MUC,TUM,MUS
,TUM,TUM,TUM
,ADI,TUM,MUS
,LYM,TUM,LYM
,ADI,TUM,BACK
,ADI,TUM,MUS
,TUM,NORM,TUM
,BACK,TUM,NORM
,MUC,TUM,MUS
,MUC,TUM,MUS
,MUC,TUM,MUS
,DEB,TUM,MUS
,ADI,NORM,MUS
,STR,TUM,MUS
,BACK,TUM,MUS
,NORM,TUM,MUC
,ADI,TUM,LYM
,MUC,TUM,MUS
,MUS,TUM,MUS
,NORM,TUM,MUC
,BACK,TUM,NORM
,ADI,TUM,MUS
,ADI,TUM,BACK
,BACK,TUM,MUS
,TUM,TUM,MUC
,LYM,TUM,LYM
,LYM,TUM,LYM
,NORM,TUM,MUC
,MUC,TUM,MUS
,ADI,TUM,MUS
,ADI,TUM,MUS
,LYM,TUM,LYM
,ADI,TUM,MUS
,NORM,TUM,LYM
,NORM,TUM,LYM
,TUM,TUM,TUM
,MUC,TUM,MUS
,MUS,TUM,MUS
,STR,TUM,LYM
,TUM,TUM,TUM
,MUC,TUM,MUS
,BACK,TUM,NORM
,MUC,TUM,LYM
,ADI,TUM,MUS
,ADI,TUM,MUS
,MUC,TUM,MUC
,MUS,TUM,MUS
,STR,TUM,LYM
,MUC,TUM,MUS
,ADI,TUM,MUS
,MUC,TUM,MUS
,DEB,TUM,MUS
,TUM,TUM,LYM
,ADI,TUM,MUS
,TUM,TUM,TUM
,TUM,TUM,MUS
,MUC,TUM,MUS
,NORM,TUM,LYM
,NORM,TUM,LYM
,TUM,TUM,TUM
,ADI,TUM,MUS
,NORM,TUM,ADI
,LYM,TUM,LYM
,BACK,TUM,MUS
,ADI,TUM,ADI
,BACK,TUM,MUS
,TUM,TUM,MUC
,TUM,TUM,MUS
,MUC,TUM,MUS
,TUM,TUM,MUS
,ADI,TUM,MUS
,TUM,TUM,TUM
,TUM,TUM,TUM
,TUM,TUM,MUS
,LYM,TUM,LYM
,DEB,TUM,MUS
,MUS,TUM,MUS
,MUS,TUM,MUS
,ADI,TUM,MUS
,ADI,TUM,MUS
,NORM,TUM,MUC
,DEB,TUM,MUS
,TUM,TUM,TUM
,TUM,TUM,LYM
,TUM,TUM,MUS
,MUC,TUM,MUS
,ADI,TUM,MUS
,STR,TUM,LYM
,BACK,NORM,MUS
,STR,TUM,MUS
,STR,TUM,MUS
,BACK,TUM,MUS
,MUC,TUM,MUS
,NORM,NORM,LYM
,BACK,TUM,MUS
,TUM,TUM,TUM
,MUS,TUM,MUS
,TUM,TUM,TUM
,NORM,TUM,MUC
,TUM,TUM,MUS
,ADI,TUM,MUS
,NORM,TUM,MUC
,MUC,TUM,MUC
,MUC,DEB,MUS
,ADI,TUM,MUS
,BACK,TUM,MUS
,MUS,NORM,MUS
,BACK,TUM,NORM
,BACK,TUM,MUS
,ADI,TUM,MUS
,NORM,TUM,MUC
,ADI,TUM,MUS
,TUM,TUM,TUM
,TUM,TUM,TUM
,BACK,TUM,MUC
,BACK,TUM,ADI
,MUS,TUM,MUS
,ADI,TUM,MUS
,BACK,TUM,NORM
,MUS,TUM,MUS
,TUM,TUM,MUS
,DEB,TUM,MUS
,BACK,TUM,MUC
,STR,TUM,LYM
,ADI,TUM,MUS
,TUM,TUM,TUM
,TUM,TUM,MUS
,MUC,TUM,MUS
,TUM,TUM,MUS
,TUM,TUM,MUS
,LYM,TUM,LYM
,BACK,DEB,MUS
,TUM,TUM,TUM
,MUC,TUM,MUS
,ADI,TUM,MUS
,MUS,NORM,MUS
,BACK,TUM,MUS
,MUC,TUM,MUS
,LYM,TUM,LYM
,STR,TUM,MUS
,ADI,TUM,LYM
,NORM,TUM,LYM
,TUM,TUM,TUM
,MUC,TUM,MUS
,STR,TUM,LYM
,MUC,TUM,MUS
,MUC,TUM,MUS
,DEB,TUM,MUS
,NORM,TUM,MUC
,TUM,TUM,TUM
,ADI,TUM,NORM
,MUC,TUM,TUM
,ADI,TUM,MUS
,ADI,TUM,NORM
,MUS,TUM,MUS
,MUS,TUM,MUS
,ADI,TUM,LYM
,LYM,TUM,LYM
,MUC,TUM,MUS
,BACK,TUM,MUS
,TUM,TUM,MUS
,NORM,TUM,MUC
,TUM,TUM,MUS
,TUM,TUM,MUS
,MUC,TUM,MUS
,DEB,TUM,MUS
,NORM,TUM,MUC
,MUS,TUM,MUS
,MUS,TUM,MUS
,LYM,TUM,LYM
,STR,TUM,LYM
,MUC,TUM,MUS
,NORM,TUM,MUC
,STR,TUM,MUS
,DEB,TUM,MUS
,BACK,TUM,ADI
,LYM,TUM,LYM
,TUM,TUM,TUM
,TUM,TUM,TUM
,BACK,TUM,MUS
,ADI,TUM,LYM
,ADI,TUM,MUS
,LYM,TUM,LYM
,LYM,TUM,TUM
,TUM,TUM,TUM
,NORM,TUM,MUC
,MUS,TUM,MUS
,BACK,TUM,MUS
,DEB,TUM,MUS
,ADI,TUM,MUS
,TUM,TUM,TUM
,NORM,TUM,LYM
,BACK,TUM,MUS
,LYM,TUM,TUM
,ADI,TUM,MUS
,MUC,TUM,MUS
,BACK,TUM,MUS
,DEB,TUM,MUS
,NORM,TUM,MUC
,ADI,TUM,LYM
,ADI,TUM,MUS
,TUM,TUM,TUM
,ADI,TUM,MUS
,TUM,TUM,TUM
,NORM,TUM,LYM
,TUM,TUM,MUS
,STR,TUM,LYM
,TUM,TUM,TUM
,ADI,NORM,MUS
,BACK,TUM,NORM
,ADI,TUM,MUS
,TUM,TUM,LYM
,MUC,TUM,MUS
,BACK,TUM,MUS
,MUC,TUM,MUS
,BACK,TUM,MUS
,MUC,NORM,MUS
,LYM,TUM,LYM
,MUS,TUM,MUS
,LYM,TUM,LYM
,NORM,TUM,LYM
,ADI,TUM,MUS
,TUM,TUM,TUM
,ADI,TUM,MUS
,LYM,TUM,LYM
,MUS,TUM,MUS
,DEB,TUM,MUS
,LYM,TUM,LYM
,MUS,TUM,MUS
,TUM,TUM,MUS
,TUM,TUM,TUM
,ADI,TUM,MUS
,LYM,TUM,LYM
,TUM,TUM,MUS
,TUM,TUM,TUM
,DEB,TUM,MUS
,ADI,TUM,MUS
,MUS,TUM,MUS
,MUC,TUM,MUS
,MUC,TUM,MUS
,LYM,TUM,LYM
,TUM,TUM,TUM
,DEB,TUM,TUM
,BACK,TUM,NORM
,ADI,TUM,MUS
,NORM,TUM,MUC
,LYM,TUM,LYM
,STR,TUM,MUS
,BACK,TUM,MUS
,TUM,TUM,TUM
,BACK,TUM,MUS
,ADI,TUM,MUS
,BACK,TUM,MUS
,MUC,TUM,MUS
,DEB,TUM,MUS
,MUC,TUM,MUS
,TUM,TUM,TUM
,ADI,TUM,MUS
,LYM,TUM,LYM
,MUS,TUM,MUS
,BACK,TUM,MUS
,MUC,TUM,ADI
,NORM,TUM,MUC
,ADI,TUM,MUS
,NORM,TUM,ADI
,LYM,TUM,LYM
,MUS,TUM,MUS
,TUM,TUM,MUS
,MUS,TUM,LYM
,BACK,TUM,MUS
,LYM,TUM,LYM
,ADI,TUM,MUS
,LYM,TUM,LYM
,LYM,TUM,LYM
,LYM,TUM,LYM
,NORM,TUM,LYM
,NORM,TUM,MUC
,BACK,TUM,MUS
,BACK,TUM,ADI
,MUS,TUM,MUS
,BACK,TUM,NORM
,ADI,TUM,MUS
,LYM,TUM,LYM
,STR,TUM,LYM
,BACK,TUM,MUS
,MUC,TUM,MUS
,ADI,TUM,MUS
,NORM,TUM,LYM
,TUM,TUM,TUM
,ADI,TUM,MUS
,ADI,TUM,MUS
,LYM,TUM,LYM
,DEB,TUM,MUS
,TUM,TUM,MUS
,DEB,TUM,MUS
,ADI,TUM,MUS
,NORM,TUM,LYM
,TUM,TUM,MUS
,NORM,TUM,LYM
,STR,TUM,MUS
,NORM,TUM,LYM
,BACK,TUM,NORM
,STR,TUM,LYM
,BACK,TUM,MUS
,ADI,TUM,MUS
,ADI,TUM,MUS
,ADI,TUM,MUS
,STR,TUM,MUS
,NORM,TUM,LYM
,TUM,TUM,TUM
,BACK,TUM,NORM
,ADI,TUM,MUS
,TUM,TUM,TUM
,TUM,TUM,TUM
,MUS,TUM,MUS
,MUC,TUM,MUS
,TUM,TUM,TUM
,BACK,TUM,TUM
,MUS,TUM,MUS
,LYM,TUM,TUM
,NORM,TUM,MUC
,MUS,TUM,MUS
,MUC,TUM,MUS
,BACK,TUM,MUS
,TUM,TUM,TUM
,TUM,TUM,TUM
,ADI,TUM,MUS
,LYM,TUM,LYM
,DEB,TUM,MUS
,ADI,TUM,MUS
,BACK,TUM,MUS
,MUC,TUM,MUS
,ADI,TUM,MUS
,ADI,TUM,MUS
,TUM,TUM,TUM
,ADI,TUM,MUS
,MUC,TUM,MUS
,ADI,TUM,MUS
,BACK,TUM,MUS
,MUC,TUM,MUS
,BACK,TUM,MUS
,BACK,TUM,NORM
,ADI,TUM,MUS
,MUC,TUM,LYM
,NORM,TUM,MUC
,ADI,TUM,MUS
,ADI,TUM,MUS
,ADI,TUM,MUS
,STR,TUM,LYM
,NORM,TUM,ADI
,ADI,TUM,MUS
,LYM,TUM,LYM
,BACK,TUM,ADI
,TUM,TUM,MUS
,NORM,TUM,LYM
,BACK,TUM,MUS
,TUM,TUM,MUS
,ADI,TUM,MUS
,ADI,TUM,MUS
,ADI,TUM,MUS
,TUM,TUM,TUM
,NORM,TUM,MUC
,STR,TUM,MUS
,MUS,TUM,MUS
,STR,TUM,LYM
,BACK,TUM,MUS
,NORM,TUM,LYM
,MUC,TUM,LYM
,MUC,TUM,MUC
,TUM,TUM,MUS
,TUM,TUM,MUS
,MUC,TUM,MUS
,MUC,TUM,MUS
,ADI,TUM,MUS
,TUM,TUM,MUC
,ADI,TUM,MUS
,MUC,TUM,MUS
,MUC,TUM,MUS
,BACK,TUM,NORM
,MUC,TUM,MUS
,MUC,TUM,MUS
,BACK,TUM,MUS
,TUM,TUM,LYM
,DEB,TUM,MUC
,MUS,TUM,MUS
,MUS,TUM,MUS
,STR,TUM,MUS
,TUM,TUM,TUM
,ADI,TUM,MUS
,TUM,TUM,MUS
,TUM,TUM,TUM
,TUM,TUM,MUS
,STR,TUM,MUS
,BACK,TUM,MUC
,MUS,TUM,MUS
,ADI,TUM,MUS
,NORM,TUM,LYM
,BACK,TUM,MUS
,ADI,TUM,MUS
,ADI,TUM,MUS
,TUM,TUM,LYM
,STR,TUM,MUS
,MUS,TUM,MUS
,MUC,TUM,MUS
,MUC,TUM,MUS
,STR,TUM,LYM
,MUC,TUM,MUS
,MUS,TUM,MUS
,MUS,TUM,MUS
,BACK,TUM,MUS
,TUM,TUM,TUM
,TUM,TUM,TUM
,TUM,TUM,MUS
,ADI,TUM,MUS
,STR,TUM,MUS
,TUM,TUM,ADI
,BACK,TUM,MUS
,NORM,TUM,MUC
,BACK,TUM,MUS
,TUM,TUM,TUM
,MUC,TUM,MUS
,LYM,TUM,LYM
,ADI,TUM,MUS
,MUC,TUM,MUS
,BACK,TUM,NORM
,LYM,TUM,LYM
,NORM,TUM,LYM
,ADI,TUM,MUS
,TUM,TUM,MUS
,MUS,TUM,MUS
,ADI,TUM,MUS
,ADI,TUM,MUS
,BACK,TUM,MUS
,STR,NORM,MUS
,STR,TUM,MUS
,LYM,TUM,LYM
,BACK,TUM,MUS
,DEB,TUM,MUS
,BACK,TUM,MUS
,NORM,TUM,LYM
,NORM,TUM,LYM
,MUS,TUM,MUS
,NORM,TUM,MUC
,ADI,TUM,MUS
,BACK,TUM,NORM
,TUM,TUM,LYM
,ADI,TUM,MUS
,STR,TUM,MUS
,MUC,TUM,MUS
,ADI,TUM,MUS
,ADI,TUM,MUS
,TUM,TUM,TUM
,MUS,TUM,MUS
,DEB,TUM,MUS
,ADI,TUM,MUS
,TUM,TUM,MUS
,TUM,TUM,TUM
,NORM,TUM,LYM
,ADI,TUM,LYM
,MUS,TUM,MUS
,MUC,TUM,MUS
,BACK,TUM,MUS
,BACK,TUM,STR
,STR,NORM,MUS
,ADI,TUM,MUS
,MUS,TUM,MUS
,NORM,TUM,LYM
,ADI,TUM,MUS
,ADI,TUM,MUS
,LYM,TUM,LYM
,ADI,TUM,MUS
,LYM,TUM,LYM
,MUS,TUM,MUS
,MUC,TUM,MUS
,LYM,TUM,LYM
,LYM,TUM,LYM
,TUM,TUM,MUS
,ADI,TUM,MUS
,ADI,TUM,MUS
,ADI,TUM,MUS
,TUM,TUM,MUC
,TUM,TUM,TUM
,ADI,TUM,MUS
,NORM,TUM,MUC
,ADI,TUM,MUS
,LYM,TUM,LYM
,MUC,TUM,MUS
,LYM,TUM,LYM
,DEB,TUM,MUS
,BACK,TUM,LYM
,STR,TUM,MUS
,MUS,TUM,MUS
,BACK,TUM,NORM
,ADI,TUM,MUS
,BACK,TUM,NORM
,BACK,TUM,MUS
,NORM,TUM,MUC
,BACK,TUM,MUS
,TUM,TUM,MUS
,MUC,TUM,MUC
,MUC,TUM,MUS
,MUS,TUM,MUS
,LYM,TUM,LYM
,TUM,TUM,MUC
,LYM,TUM,LYM
,DEB,TUM,MUS
,MUC,NORM,MUS
,MUC,TUM,MUS
,TUM,TUM,TUM
,LYM,TUM,LYM
,ADI,TUM,MUS
,MUC,TUM,MUS
,TUM,TUM,TUM
,TUM,TUM,LYM
,DEB,NORM,MUS
,MUC,TUM,MUS
,ADI,TUM,MUS
,MUC,TUM,LYM
,TUM,TUM,LYM
,MUC,TUM,MUS
,NORM,TUM,MUC
,ADI,TUM,MUS
,MUS,TUM,MUS
,NORM,TUM,MUC
,ADI,TUM,MUS
,ADI,TUM,MUS
,TUM,NORM,TUM
,STR,TUM,MUS
,LYM,TUM,LYM
,MUC,TUM,MUS
,DEB,TUM,MUS
,TUM,TUM,TUM
,STR,TUM,MUS
,MUC,TUM,MUS
,BACK,TUM,MUS
,TUM,DEB,MUS
,TUM,TUM,TUM
,ADI,TUM,MUS
,ADI,TUM,MUS
,NORM,TUM,MUC
,MUC,TUM,MUS
,ADI,TUM,MUS
,NORM,TUM,LYM
,ADI,TUM,ADI
,LYM,TUM,LYM
,DEB,TUM,MUS
,NORM,TUM,MUC
,TUM,TUM,MUS
,MUC,TUM,MUS
,LYM,TUM,LYM
,MUS,TUM,MUS
,TUM,TUM,TUM
,ADI,TUM,MUS
,MUS,TUM,MUS
,DEB,TUM,MUS
,DEB,TUM,MUS
,MUC,TUM,MUS
,MUS,TUM,MUS
,TUM,TUM,MUC
,DEB,TUM,MUS
,TUM,TUM,LYM
,MUC,TUM,MUS
,TUM,TUM,LYM
,LYM,TUM,LYM
,ADI,TUM,MUS
,BACK,TUM,NORM
,LYM,TUM,LYM
,NORM,TUM,LYM
,STR,TUM,LYM
,MUC,TUM,MUS
,NORM,TUM,MUC
,NORM,TUM,ADI
,DEB,TUM,MUS
,BACK,TUM,MUS
,LYM,TUM,LYM
,BACK,TUM,NORM
,ADI,TUM,MUS
,ADI,TUM,MUS
,TUM,TUM,TUM
,MUC,TUM,MUS
,ADI,TUM,MUS
,TUM,TUM,TUM
,TUM,TUM,ADI
,MUC,TUM,MUC
,NORM,TUM,MUC
,ADI,TUM,MUS
,MUC,TUM,MUS
,BACK,TUM,MUC
,BACK,TUM,MUS
,NORM,TUM,LYM
,BACK,TUM,MUS
,ADI,TUM,MUS
,MUC,TUM,MUS
,TUM,TUM,MUS
,DEB,TUM,MUS
,TUM,TUM,MUS
,BACK,TUM,NORM
,NORM,TUM,MUC
,DEB,TUM,LYM
,TUM,TUM,MUS
,NORM,TUM,MUC
,NORM,TUM,LYM
,NORM,TUM,LYM
,LYM,NORM,LYM
,LYM,TUM,LYM
,TUM,TUM,MUC
,MUS,TUM,MUS
,NORM,NORM,LYM
,MUC,TUM,MUS
,MUS,TUM,MUS
,ADI,TUM,MUS
,NORM,TUM,MUC
,LYM,TUM,LYM
,TUM,TUM,MUS
,TUM,TUM,MUS
,NORM,TUM,ADI
,TUM,TUM,TUM
,NORM,TUM,LYM
,TUM,TUM,TUM
,MUC,TUM,MUS
,MUC,TUM,MUS
,BACK,TUM,MUS
,NORM,TUM,NORM
,ADI,TUM,MUS
,STR,TUM,MUS
,MUC,NORM,MUS
,NORM,TUM,MUC
,LYM,TUM,LYM
,TUM,TUM,MUS
,NORM,TUM,LYM
,MUC,TUM,MUS
,BACK,TUM,MUC
,MUC,NORM,MUS
,LYM,TUM,LYM
,STR,TUM,MUS
,LYM,TUM,LYM
,MUS,TUM,MUS
,LYM,TUM,LYM
,TUM,TUM,TUM
,LYM,TUM,LYM
,ADI,TUM,MUS
,NORM,TUM,MUC
,DEB,TUM,MUC
,TUM,TUM,ADI
,ADI,TUM,MUS
,NORM,TUM,MUC
,NORM,TUM,ADI
,ADI,TUM,MUS
,ADI,TUM,MUS
,DEB,TUM,MUS
,LYM,TUM,LYM
,ADI,TUM,MUS
,TUM,TUM,MUS
,BACK,TUM,NORM
,DEB,TUM,MUS
,BACK,TUM,MUS
,MUS,TUM,MUS
,ADI,TUM,MUS
,MUC,TUM,MUS
,MUC,TUM,MUS
,LYM,TUM,LYM
,MUC,TUM,MUS
,MUS,TUM,MUS
,BACK,TUM,MUS
,MUC,TUM,MUS
,TUM,TUM,TUM
,NORM,TUM,MUC
,TUM,TUM,TUM
,LYM,TUM,LYM
,BACK,TUM,MUS
,LYM,TUM,LYM
,ADI,TUM,MUS
,MUC,TUM,MUS
,TUM,TUM,MUC
,TUM,TUM,TUM
,BACK,TUM,MUS
,MUC,TUM,LYM
,LYM,TUM,LYM
,LYM,TUM,LYM
,TUM,TUM,TUM
,LYM,TUM,LYM
,BACK,TUM,MUS
,STR,TUM,MUS
,MUS,TUM,MUS
,NORM,TUM,NORM
,TUM,TUM,TUM
,BACK,TUM,MUS
,BACK,TUM,MUS
,ADI,TUM,MUS
,TUM,TUM,TUM
,MUC,TUM,MUS
,ADI,TUM,MUS
,MUC,TUM,MUS
,NORM,TUM,MUC
,DEB,TUM,TUM
,TUM,TUM,MUC
,TUM,TUM,TUM
,LYM,TUM,LYM
,STR,TUM,LYM
,BACK,TUM,MUS
,ADI,TUM,MUS
,MUC,TUM,MUS
,MUS,TUM,MUS
,DEB,TUM,MUS
,TUM,TUM,MUS
,ADI,TUM,MUS
,MUC,TUM,MUS
,MUC,TUM,MUS
,ADI,TUM,MUS
,TUM,TUM,TUM
,MUC,TUM,MUS
,BACK,TUM,MUS
,ADI,TUM,MUS
,DEB,TUM,TUM
,LYM,TUM,LYM
,NORM,TUM,LYM
,BACK,TUM,MUC
,MUS,TUM,MUS
,BACK,TUM,MUS
,LYM,TUM,LYM
,TUM,TUM,LYM
,MUC,TUM,MUS
,LYM,TUM,LYM
,MUC,TUM,MUC
,NORM,TUM,LYM
,MUC,TUM,TUM
,TUM,TUM,MUC
,LYM,TUM,LYM
,ADI,TUM,MUS
,ADI,TUM,BACK
,LYM,TUM,LYM
,DEB,TUM,MUS
,LYM,TUM,LYM
,NORM,TUM,MUC
,NORM,TUM,MUC
,ADI,TUM,MUS
,NORM,TUM,ADI
,TUM,TUM,MUS
,LYM,TUM,LYM
,ADI,TUM,MUS
,DEB,TUM,MUS
,ADI,TUM,MUS
,ADI,TUM,MUS
,TUM,TUM,ADI
,DEB,TUM,MUS
,ADI,TUM,MUS
,MUC,TUM,MUS
,LYM,TUM,LYM
,STR,TUM,MUS
,NORM,TUM,MUC
,ADI,TUM,LYM
,TUM,TUM,MUS
,TUM,TUM,MUS
,MUC,TUM,MUS
,BACK,TUM,MUS
,STR,TUM,MUS
,TUM,TUM,TUM
,LYM,TUM,LYM
,DEB,TUM,MUS
,LYM,TUM,LYM
,NORM,TUM,LYM
,TUM,TUM,MUS
,TUM,TUM,MUC
,MUC,TUM,MUS
,MUS,TUM,MUS
,DEB,TUM,MUS
,ADI,TUM,MUS
,DEB,TUM,MUS
,BACK,TUM,MUS
,MUC,TUM,MUS
,TUM,TUM,MUS
,ADI,TUM,MUS
,TUM,TUM,TUM
,TUM,TUM,LYM
,ADI,TUM,MUS
,NORM,TUM,MUC
,TUM,TUM,MUS
,DEB,TUM,LYM
,MUS,TUM,MUS
,MUC,TUM,MUS
,MUC,TUM,MUS
,BACK,TUM,MUS
,BACK,TUM,MUS
,TUM,TUM,MUS
,MUC,TUM,MUS
,STR,TUM,LYM
,BACK,TUM,MUS
,TUM,TUM,TUM
,DEB,TUM,MUS
,TUM,TUM,MUS
,ADI,TUM,MUS
,MUC,TUM,MUS
,TUM,TUM,TUM
,STR,TUM,LYM
,MUS,TUM,MUS
,ADI,TUM,MUS
,ADI,TUM,MUS
,NORM,TUM,MUC
,BACK,TUM,MUS
,NORM,TUM,LYM
,NORM,TUM,MUS
,ADI,TUM,MUS
,TUM,TUM,TUM
,NORM,NORM,LYM
,MUS,TUM,MUS
,TUM,TUM,TUM
,MUS,TUM,MUS
,LYM,TUM,LYM
,MUC,TUM,MUS
,MUC,TUM,MUS
,ADI,TUM,MUS
,MUS,TUM,MUS
,MUC,TUM,MUS
,BACK,TUM,TUM
,ADI,TUM,MUS
,BACK,TUM,NORM
,TUM,TUM,MUS
,DEB,TUM,MUS
,ADI,TUM,MUS
,TUM,TUM,MUS
,NORM,TUM,MUC
,ADI,TUM,MUS
,BACK,TUM,MUS
,DEB,TUM,MUS
,TUM,TUM,MUS
,ADI,TUM,MUS
,LYM,TUM,LYM
,STR,TUM,LYM
,MUC,TUM,MUS
,BACK,NORM,MUS
,MUC,TUM,MUS
,ADI,TUM,MUS
,TUM,TUM,MUC
,ADI,TUM,NORM
,BACK,TUM,MUS
,TUM,TUM,TUM
,MUS,TUM,MUS
,LYM,TUM,LYM
,NORM,TUM,LYM
,ADI,TUM,MUS
,DEB,TUM,MUS
,NORM,TUM,MUS
,MUS,TUM,MUS
,ADI,TUM,MUS
,TUM,TUM,MUC
,TUM,TUM,TUM
,MUS,TUM,MUS
,NORM,TUM,LYM
,MUC,TUM,MUS
,MUS,TUM,MUS
,DEB,TUM,LYM
,MUC,TUM,MUS
,ADI,TUM,MUS
,STR,TUM,LYM
,ADI,TUM,MUS
,BACK,NORM,MUS
,MUC,TUM,MUS
,ADI,TUM,MUS
,NORM,TUM,LYM
,ADI,TUM,MUS
,NORM,TUM,MUC
,NORM,TUM,MUC
,BACK,TUM,MUS
,STR,TUM,MUS
,NORM,TUM,MUC
,MUC,TUM,MUC
,TUM,TUM,TUM
,MUC,TUM,MUS
,ADI,TUM,MUS
,NORM,TUM,MUC
,ADI,TUM,MUS
,MUC,TUM,MUS
,BACK,TUM,LYM
,BACK,TUM,MUS
,STR,TUM,LYM
,BACK,TUM,MUS
,MUC,TUM,MUS
,BACK,TUM,MUS
,ADI,TUM,MUS
,BACK,TUM,MUS
,NORM,TUM,MUC
,ADI,TUM,LYM
,TUM,TUM,TUM
,TUM,TUM,MUC
,BACK,TUM,MUS
,BACK,TUM,MUS
,DEB,TUM,TUM
,ADI,TUM,MUS
,ADI,TUM,MUS
,TUM,TUM,TUM
,MUS,TUM,MUS
,TUM,TUM,MUC
,TUM,TUM,TUM
,NORM,TUM,LYM
,ADI,TUM,MUS
,ADI,TUM,MUS
,MUC,TUM,LYM
,MUS,TUM,MUS
,NORM,TUM,MUC
,BACK,TUM,MUS
,DEB,TUM,MUS
,MUS,TUM,MUS
,BACK,TUM,MUS
,DEB,TUM,MUS
,TUM,TUM,MUS
,LYM,TUM,LYM
,ADI,TUM,MUS
,TUM,TUM,MUC
,NORM,TUM,NORM
,TUM,TUM,MUS
,BACK,TUM,MUC
,MUC,TUM,MUS
,BACK,TUM,MUS
,MUC,TUM,MUS
,MUS,LYM,MUS
,TUM,TUM,MUC
,LYM,TUM,LYM
,DEB,TUM,LYM
,DEB,TUM,MUS
,BACK,TUM,STR
,MUS,TUM,MUS
,MUC,TUM,MUS
,MUC,TUM,MUS
,TUM,TUM,TUM
,MUS,TUM,MUS
,MUS,TUM,MUS
,LYM,TUM,LYM
,TUM,TUM,MUS
,LYM,TUM,LYM
,TUM,TUM,MUS
,DEB,TUM,MUS
,LYM,TUM,LYM
,ADI,TUM,MUS
,ADI,TUM,LYM
,TUM,TUM,TUM
,TUM,TUM,MUS
,ADI,TUM,MUS
,BACK,TUM,MUS
,MUS,TUM,MUS
,TUM,TUM,TUM
,ADI,TUM,MUS
,ADI,TUM,MUS
,TUM,TUM,TUM
,STR,TUM,MUS
,NORM,TUM,MUC
,LYM,TUM,LYM
,NORM,TUM,MUC
,STR,TUM,LYM
,TUM,TUM,TUM
,DEB,TUM,TUM
,NORM,TUM,LYM
,ADI,TUM,MUS
,TUM,TUM,MUS
,ADI,TUM,MUS
,TUM,TUM,TUM
,NORM,TUM,MUC
,ADI,NORM,MUS
,TUM,TUM,MUS
,MUS,TUM,MUS
,MUS,TUM,MUS
,TUM,TUM,MUS
,ADI,TUM,MUS
,ADI,TUM,MUS
,TUM,TUM,MUS
,MUC,TUM,MUS
,TUM,TUM,TUM
,MUS,TUM,MUS
,MUC,TUM,MUS
,MUC,TUM,MUS
,MUS,TUM,MUS
,ADI,TUM,MUS
,TUM,TUM,TUM
,MUC,TUM,MUS
,ADI,TUM,MUS
,ADI,TUM,MUS
,NORM,TUM,LYM
,ADI,TUM,NORM
,ADI,TUM,MUS
,STR,TUM,TUM
,DEB,TUM,MUS
,NORM,TUM,MUC
,STR,TUM,MUS
,STR,TUM,MUS
,TUM,NORM,MUS
,BACK,TUM,MUS
